dataset,dataset_label,source_dataset_label,kg_entity,decision,method,evidence_rule,fallback_behavior,candidate_count,candidates
audioset,Speech,Speech,speech,accepted,exact_normalized,Lowercase/punctuation/underscore normalization gives an exact AKG entity label; the acoustic concept is unchanged.,use_mapped_AKG_entity,0,
audioset,"Male speech, man speaking","Male speech, man speaking",,unmapped,unresolved,No semantically equivalent AKG entity is established by the frozen rules; the class keeps its original CLAP score.,no_KG_expansion_keep_CLAP_score,0,
audioset,"Female speech, woman speaking","Female speech, woman speaking",,unmapped,unresolved,No semantically equivalent AKG entity is established by the frozen rules; the class keeps its original CLAP score.,no_KG_expansion_keep_CLAP_score,0,
audioset,"Child speech, kid speaking","Child speech, kid speaking",,unmapped,unresolved,No semantically equivalent AKG entity is established by the frozen rules; the class keeps its original CLAP score.,no_KG_expansion_keep_CLAP_score,0,
audioset,Conversation,Conversation,conversation,accepted,exact_normalized,Lowercase/punctuation/underscore normalization gives an exact AKG entity label; the acoustic concept is unchanged.,use_mapped_AKG_entity,0,
audioset,"Narration, monologue","Narration, monologue",,unmapped,unresolved,No semantically equivalent AKG entity is established by the frozen rules; the class keeps its original CLAP score.,no_KG_expansion_keep_CLAP_score,0,
audioset,Babbling,Babbling,,unmapped,unresolved,No semantically equivalent AKG entity is established by the frozen rules; the class keeps its original CLAP score.,no_KG_expansion_keep_CLAP_score,0,
audioset,Speech synthesizer,Speech synthesizer,speech synthesizer,accepted,exact_normalized,Lowercase/punctuation/underscore normalization gives an exact AKG entity label; the acoustic concept is unchanged.,use_mapped_AKG_entity,0,
audioset,Shout,Shout,,unmapped,unresolved,No semantically equivalent AKG entity is established by the frozen rules; the class keeps its original CLAP score.,no_KG_expansion_keep_CLAP_score,0,
audioset,Bellow,Bellow,bellow,accepted,exact_normalized,Lowercase/punctuation/underscore normalization gives an exact AKG entity label; the acoustic concept is unchanged.,use_mapped_AKG_entity,0,
audioset,Whoop,Whoop,whoop,accepted,exact_normalized,Lowercase/punctuation/underscore normalization gives an exact AKG entity label; the acoustic concept is unchanged.,use_mapped_AKG_entity,0,
audioset,Yell,Yell,,unmapped,unresolved,No semantically equivalent AKG entity is established by the frozen rules; the class keeps its original CLAP score.,no_KG_expansion_keep_CLAP_score,0,
audioset,Battle cry,Battle cry,battle cry,accepted,exact_normalized,Lowercase/punctuation/underscore normalization gives an exact AKG entity label; the acoustic concept is unchanged.,use_mapped_AKG_entity,0,
audioset,Children shouting,Children shouting,children shouting,accepted,exact_normalized,Lowercase/punctuation/underscore normalization gives an exact AKG entity label; the acoustic concept is unchanged.,use_mapped_AKG_entity,0,
audioset,Screaming,Screaming,screaming,accepted,exact_normalized,Lowercase/punctuation/underscore normalization gives an exact AKG entity label; the acoustic concept is unchanged.,use_mapped_AKG_entity,0,
audioset,Whispering,Whispering,whispering,accepted,exact_normalized,Lowercase/punctuation/underscore normalization gives an exact AKG entity label; the acoustic concept is unchanged.,use_mapped_AKG_entity,0,
audioset,Laughter,Laughter,laughter,accepted,exact_normalized,Lowercase/punctuation/underscore normalization gives an exact AKG entity label; the acoustic concept is unchanged.,use_mapped_AKG_entity,0,
audioset,Baby laughter,Baby laughter,,unmapped,unresolved,No semantically equivalent AKG entity is established by the frozen rules; the class keeps its original CLAP score.,no_KG_expansion_keep_CLAP_score,0,
audioset,Giggle,Giggle,,unmapped,unresolved,No semantically equivalent AKG entity is established by the frozen rules; the class keeps its original CLAP score.,no_KG_expansion_keep_CLAP_score,0,
audioset,Snicker,Snicker,snicker,accepted,exact_normalized,Lowercase/punctuation/underscore normalization gives an exact AKG entity label; the acoustic concept is unchanged.,use_mapped_AKG_entity,0,
audioset,Belly laugh,Belly laugh,belly laugh,accepted,exact_normalized,Lowercase/punctuation/underscore normalization gives an exact AKG entity label; the acoustic concept is unchanged.,use_mapped_AKG_entity,0,
audioset,"Chuckle, chortle","Chuckle, chortle",,unmapped,unresolved,No semantically equivalent AKG entity is established by the frozen rules; the class keeps its original CLAP score.,no_KG_expansion_keep_CLAP_score,0,
audioset,"Crying, sobbing","Crying, sobbing",,unmapped,unresolved,No semantically equivalent AKG entity is established by the frozen rules; the class keeps its original CLAP score.,no_KG_expansion_keep_CLAP_score,0,
audioset,"Baby cry, infant cry","Baby cry, infant cry",,unmapped,unresolved,No semantically equivalent AKG entity is established by the frozen rules; the class keeps its original CLAP score.,no_KG_expansion_keep_CLAP_score,0,
audioset,Whimper,Whimper,,unmapped,unresolved,No semantically equivalent AKG entity is established by the frozen rules; the class keeps its original CLAP score.,no_KG_expansion_keep_CLAP_score,0,
audioset,"Wail, moan","Wail, moan",,unmapped,unresolved,No semantically equivalent AKG entity is established by the frozen rules; the class keeps its original CLAP score.,no_KG_expansion_keep_CLAP_score,0,
audioset,Sigh,Sigh,,unmapped,unresolved,No semantically equivalent AKG entity is established by the frozen rules; the class keeps its original CLAP score.,no_KG_expansion_keep_CLAP_score,0,
audioset,Singing,Singing,singing,accepted,exact_normalized,Lowercase/punctuation/underscore normalization gives an exact AKG entity label; the acoustic concept is unchanged.,use_mapped_AKG_entity,0,
audioset,Choir,Choir,choir,accepted,exact_normalized,Lowercase/punctuation/underscore normalization gives an exact AKG entity label; the acoustic concept is unchanged.,use_mapped_AKG_entity,0,
audioset,Yodeling,Yodeling,yodeling,accepted,exact_normalized,Lowercase/punctuation/underscore normalization gives an exact AKG entity label; the acoustic concept is unchanged.,use_mapped_AKG_entity,0,
audioset,Chant,Chant,chant,accepted,exact_normalized,Lowercase/punctuation/underscore normalization gives an exact AKG entity label; the acoustic concept is unchanged.,use_mapped_AKG_entity,0,
audioset,Mantra,Mantra,mantra,accepted,exact_normalized,Lowercase/punctuation/underscore normalization gives an exact AKG entity label; the acoustic concept is unchanged.,use_mapped_AKG_entity,0,
audioset,Male singing,Male singing,male singing,accepted,exact_normalized,Lowercase/punctuation/underscore normalization gives an exact AKG entity label; the acoustic concept is unchanged.,use_mapped_AKG_entity,0,
audioset,Female singing,Female singing,female singing,accepted,exact_normalized,Lowercase/punctuation/underscore normalization gives an exact AKG entity label; the acoustic concept is unchanged.,use_mapped_AKG_entity,0,
audioset,Child singing,Child singing,child singing,accepted,exact_normalized,Lowercase/punctuation/underscore normalization gives an exact AKG entity label; the acoustic concept is unchanged.,use_mapped_AKG_entity,0,
audioset,Synthetic singing,Synthetic singing,,unmapped,unresolved,No semantically equivalent AKG entity is established by the frozen rules; the class keeps its original CLAP score.,no_KG_expansion_keep_CLAP_score,0,
audioset,Rapping,Rapping,rapping,accepted,exact_normalized,Lowercase/punctuation/underscore normalization gives an exact AKG entity label; the acoustic concept is unchanged.,use_mapped_AKG_entity,0,
audioset,Humming,Humming,humming,accepted,exact_normalized,Lowercase/punctuation/underscore normalization gives an exact AKG entity label; the acoustic concept is unchanged.,use_mapped_AKG_entity,0,
audioset,Groan,Groan,,unmapped,unresolved,No semantically equivalent AKG entity is established by the frozen rules; the class keeps its original CLAP score.,no_KG_expansion_keep_CLAP_score,0,
audioset,Grunt,Grunt,,unmapped,unresolved,No semantically equivalent AKG entity is established by the frozen rules; the class keeps its original CLAP score.,no_KG_expansion_keep_CLAP_score,0,
audioset,Whistling,Whistling,whistling,accepted,exact_normalized,Lowercase/punctuation/underscore normalization gives an exact AKG entity label; the acoustic concept is unchanged.,use_mapped_AKG_entity,0,
audioset,Breathing,Breathing,breathing,accepted,exact_normalized,Lowercase/punctuation/underscore normalization gives an exact AKG entity label; the acoustic concept is unchanged.,use_mapped_AKG_entity,0,
audioset,Wheeze,Wheeze,wheeze,accepted,exact_normalized,Lowercase/punctuation/underscore normalization gives an exact AKG entity label; the acoustic concept is unchanged.,use_mapped_AKG_entity,0,
audioset,Snoring,Snoring,snoring,accepted,exact_normalized,Lowercase/punctuation/underscore normalization gives an exact AKG entity label; the acoustic concept is unchanged.,use_mapped_AKG_entity,0,
audioset,Gasp,Gasp,gasp,accepted,exact_normalized,Lowercase/punctuation/underscore normalization gives an exact AKG entity label; the acoustic concept is unchanged.,use_mapped_AKG_entity,0,
audioset,Pant,Pant,pant,accepted,exact_normalized,Lowercase/punctuation/underscore normalization gives an exact AKG entity label; the acoustic concept is unchanged.,use_mapped_AKG_entity,0,
audioset,Snort,Snort,,unmapped,unresolved,No semantically equivalent AKG entity is established by the frozen rules; the class keeps its original CLAP score.,no_KG_expansion_keep_CLAP_score,0,
audioset,Cough,Cough,,unmapped,unresolved,No semantically equivalent AKG entity is established by the frozen rules; the class keeps its original CLAP score.,no_KG_expansion_keep_CLAP_score,0,
audioset,Throat clearing,Throat clearing,,unmapped,unresolved,No semantically equivalent AKG entity is established by the frozen rules; the class keeps its original CLAP score.,no_KG_expansion_keep_CLAP_score,0,
audioset,Sneeze,Sneeze,,unmapped,unresolved,No semantically equivalent AKG entity is established by the frozen rules; the class keeps its original CLAP score.,no_KG_expansion_keep_CLAP_score,0,
audioset,Sniff,Sniff,,unmapped,unresolved,No semantically equivalent AKG entity is established by the frozen rules; the class keeps its original CLAP score.,no_KG_expansion_keep_CLAP_score,0,
audioset,Run,Run,,unmapped,unresolved,No semantically equivalent AKG entity is established by the frozen rules; the class keeps its original CLAP score.,no_KG_expansion_keep_CLAP_score,0,
audioset,Shuffle,Shuffle,shuffle,accepted,exact_normalized,Lowercase/punctuation/underscore normalization gives an exact AKG entity label; the acoustic concept is unchanged.,use_mapped_AKG_entity,0,
audioset,"Walk, footsteps","Walk, footsteps",,unmapped,unresolved,No semantically equivalent AKG entity is established by the frozen rules; the class keeps its original CLAP score.,no_KG_expansion_keep_CLAP_score,0,
audioset,"Chewing, mastication","Chewing, mastication",,unmapped,unresolved,No semantically equivalent AKG entity is established by the frozen rules; the class keeps its original CLAP score.,no_KG_expansion_keep_CLAP_score,0,
audioset,Biting,Biting,biting,accepted,exact_normalized,Lowercase/punctuation/underscore normalization gives an exact AKG entity label; the acoustic concept is unchanged.,use_mapped_AKG_entity,0,
audioset,Gargling,Gargling,gargling,accepted,exact_normalized,Lowercase/punctuation/underscore normalization gives an exact AKG entity label; the acoustic concept is unchanged.,use_mapped_AKG_entity,0,
audioset,Stomach rumble,Stomach rumble,stomach rumble,accepted,exact_normalized,Lowercase/punctuation/underscore normalization gives an exact AKG entity label; the acoustic concept is unchanged.,use_mapped_AKG_entity,0,
audioset,"Burping, eructation","Burping, eructation",,unmapped,unresolved,No semantically equivalent AKG entity is established by the frozen rules; the class keeps its original CLAP score.,no_KG_expansion_keep_CLAP_score,0,
audioset,Hiccup,Hiccup,hiccup,accepted,exact_normalized,Lowercase/punctuation/underscore normalization gives an exact AKG entity label; the acoustic concept is unchanged.,use_mapped_AKG_entity,0,
audioset,Fart,Fart,fart,accepted,exact_normalized,Lowercase/punctuation/underscore normalization gives an exact AKG entity label; the acoustic concept is unchanged.,use_mapped_AKG_entity,0,
audioset,Hands,Hands,hands,accepted,exact_normalized,Lowercase/punctuation/underscore normalization gives an exact AKG entity label; the acoustic concept is unchanged.,use_mapped_AKG_entity,0,
audioset,Finger snapping,Finger snapping,finger snapping,accepted,exact_normalized,Lowercase/punctuation/underscore normalization gives an exact AKG entity label; the acoustic concept is unchanged.,use_mapped_AKG_entity,0,
audioset,Clapping,Clapping,clapping,accepted,exact_normalized,Lowercase/punctuation/underscore normalization gives an exact AKG entity label; the acoustic concept is unchanged.,use_mapped_AKG_entity,0,
audioset,"Heart sounds, heartbeat","Heart sounds, heartbeat",heart sounds heartbeat,accepted,unique_token_signature,"After fixed token normalization, exactly one AKG entity has the same content-token signature; no first/last-word fallback is used.",use_mapped_AKG_entity,1,heart sounds heartbeat
audioset,Heart murmur,Heart murmur,heart murmur,accepted,exact_normalized,Lowercase/punctuation/underscore normalization gives an exact AKG entity label; the acoustic concept is unchanged.,use_mapped_AKG_entity,0,
audioset,Cheering,Cheering,cheering,accepted,exact_normalized,Lowercase/punctuation/underscore normalization gives an exact AKG entity label; the acoustic concept is unchanged.,use_mapped_AKG_entity,0,
audioset,Applause,Applause,applause,accepted,exact_normalized,Lowercase/punctuation/underscore normalization gives an exact AKG entity label; the acoustic concept is unchanged.,use_mapped_AKG_entity,0,
audioset,Chatter,Chatter,chatter,accepted,exact_normalized,Lowercase/punctuation/underscore normalization gives an exact AKG entity label; the acoustic concept is unchanged.,use_mapped_AKG_entity,0,
audioset,Crowd,Crowd,crowd,accepted,exact_normalized,Lowercase/punctuation/underscore normalization gives an exact AKG entity label; the acoustic concept is unchanged.,use_mapped_AKG_entity,0,
audioset,"Hubbub, speech noise, speech babble","Hubbub, speech noise, speech babble",,unmapped,unresolved,No semantically equivalent AKG entity is established by the frozen rules; the class keeps its original CLAP score.,no_KG_expansion_keep_CLAP_score,0,
audioset,Children playing,Children playing,children playing,accepted,exact_normalized,Lowercase/punctuation/underscore normalization gives an exact AKG entity label; the acoustic concept is unchanged.,use_mapped_AKG_entity,0,
audioset,Animal,Animal,animal,accepted,exact_normalized,Lowercase/punctuation/underscore normalization gives an exact AKG entity label; the acoustic concept is unchanged.,use_mapped_AKG_entity,0,
audioset,"Domestic animals, pets","Domestic animals, pets",,unmapped,unresolved,No semantically equivalent AKG entity is established by the frozen rules; the class keeps its original CLAP score.,no_KG_expansion_keep_CLAP_score,0,
audioset,Dog,Dog,dog,accepted,exact_normalized,Lowercase/punctuation/underscore normalization gives an exact AKG entity label; the acoustic concept is unchanged.,use_mapped_AKG_entity,0,
audioset,Bark,Bark,bark,accepted,exact_normalized,Lowercase/punctuation/underscore normalization gives an exact AKG entity label; the acoustic concept is unchanged.,use_mapped_AKG_entity,0,
audioset,Yip,Yip,yip,accepted,exact_normalized,Lowercase/punctuation/underscore normalization gives an exact AKG entity label; the acoustic concept is unchanged.,use_mapped_AKG_entity,0,
audioset,Howl,Howl,howl,accepted,exact_normalized,Lowercase/punctuation/underscore normalization gives an exact AKG entity label; the acoustic concept is unchanged.,use_mapped_AKG_entity,0,
audioset,Bow-wow,Bow-wow,,unmapped,unresolved,No semantically equivalent AKG entity is established by the frozen rules; the class keeps its original CLAP score.,no_KG_expansion_keep_CLAP_score,0,
audioset,Growling,Growling,growling,accepted,exact_normalized,Lowercase/punctuation/underscore normalization gives an exact AKG entity label; the acoustic concept is unchanged.,use_mapped_AKG_entity,0,
audioset,Whimper (dog),Whimper (dog),,unmapped,unresolved,No semantically equivalent AKG entity is established by the frozen rules; the class keeps its original CLAP score.,no_KG_expansion_keep_CLAP_score,0,
audioset,Cat,Cat,cat,accepted,exact_normalized,Lowercase/punctuation/underscore normalization gives an exact AKG entity label; the acoustic concept is unchanged.,use_mapped_AKG_entity,0,
audioset,Purr,Purr,,unmapped,unresolved,No semantically equivalent AKG entity is established by the frozen rules; the class keeps its original CLAP score.,no_KG_expansion_keep_CLAP_score,0,
audioset,Meow,Meow,,unmapped,unresolved,No semantically equivalent AKG entity is established by the frozen rules; the class keeps its original CLAP score.,no_KG_expansion_keep_CLAP_score,0,
audioset,Hiss,Hiss,hiss,accepted,exact_normalized,Lowercase/punctuation/underscore normalization gives an exact AKG entity label; the acoustic concept is unchanged.,use_mapped_AKG_entity,0,
audioset,Caterwaul,Caterwaul,caterwaul,accepted,exact_normalized,Lowercase/punctuation/underscore normalization gives an exact AKG entity label; the acoustic concept is unchanged.,use_mapped_AKG_entity,0,
audioset,"Livestock, farm animals, working animals","Livestock, farm animals, working animals",,unmapped,unresolved,No semantically equivalent AKG entity is established by the frozen rules; the class keeps its original CLAP score.,no_KG_expansion_keep_CLAP_score,0,
audioset,Horse,Horse,horse,accepted,exact_normalized,Lowercase/punctuation/underscore normalization gives an exact AKG entity label; the acoustic concept is unchanged.,use_mapped_AKG_entity,0,
audioset,Clip-clop,Clip-clop,clip-clop,accepted,exact_normalized,Lowercase/punctuation/underscore normalization gives an exact AKG entity label; the acoustic concept is unchanged.,use_mapped_AKG_entity,0,
audioset,"Neigh, whinny","Neigh, whinny",neigh whinny,accepted,unique_token_signature,"After fixed token normalization, exactly one AKG entity has the same content-token signature; no first/last-word fallback is used.",use_mapped_AKG_entity,1,neigh whinny
audioset,"Cattle, bovinae","Cattle, bovinae",cattle or bovinae,accepted,unique_token_signature,"After fixed token normalization, exactly one AKG entity has the same content-token signature; no first/last-word fallback is used.",use_mapped_AKG_entity,1,cattle or bovinae
audioset,Moo,Moo,moo,accepted,exact_normalized,Lowercase/punctuation/underscore normalization gives an exact AKG entity label; the acoustic concept is unchanged.,use_mapped_AKG_entity,0,
audioset,Cowbell,Cowbell,cowbell,accepted,exact_normalized,Lowercase/punctuation/underscore normalization gives an exact AKG entity label; the acoustic concept is unchanged.,use_mapped_AKG_entity,0,
audioset,Pig,Pig,pig,accepted,exact_normalized,Lowercase/punctuation/underscore normalization gives an exact AKG entity label; the acoustic concept is unchanged.,use_mapped_AKG_entity,0,
audioset,Oink,Oink,oink,accepted,exact_normalized,Lowercase/punctuation/underscore normalization gives an exact AKG entity label; the acoustic concept is unchanged.,use_mapped_AKG_entity,0,
audioset,Goat,Goat,goat,accepted,exact_normalized,Lowercase/punctuation/underscore normalization gives an exact AKG entity label; the acoustic concept is unchanged.,use_mapped_AKG_entity,0,
audioset,Bleat,Bleat,,unmapped,unresolved,No semantically equivalent AKG entity is established by the frozen rules; the class keeps its original CLAP score.,no_KG_expansion_keep_CLAP_score,0,
audioset,Sheep,Sheep,sheep,accepted,exact_normalized,Lowercase/punctuation/underscore normalization gives an exact AKG entity label; the acoustic concept is unchanged.,use_mapped_AKG_entity,0,
audioset,Fowl,Fowl,,unmapped,unresolved,No semantically equivalent AKG entity is established by the frozen rules; the class keeps its original CLAP score.,no_KG_expansion_keep_CLAP_score,0,
audioset,"Chicken, rooster","Chicken, rooster",chicken or rooster,accepted,unique_token_signature,"After fixed token normalization, exactly one AKG entity has the same content-token signature; no first/last-word fallback is used.",use_mapped_AKG_entity,1,chicken or rooster
audioset,Cluck,Cluck,,unmapped,unresolved,No semantically equivalent AKG entity is established by the frozen rules; the class keeps its original CLAP score.,no_KG_expansion_keep_CLAP_score,0,
audioset,"Crowing, cock-a-doodle-doo","Crowing, cock-a-doodle-doo",,unmapped,unresolved,No semantically equivalent AKG entity is established by the frozen rules; the class keeps its original CLAP score.,no_KG_expansion_keep_CLAP_score,0,
audioset,Turkey,Turkey,turkey,accepted,exact_normalized,Lowercase/punctuation/underscore normalization gives an exact AKG entity label; the acoustic concept is unchanged.,use_mapped_AKG_entity,0,
audioset,Gobble,Gobble,gobble,accepted,exact_normalized,Lowercase/punctuation/underscore normalization gives an exact AKG entity label; the acoustic concept is unchanged.,use_mapped_AKG_entity,0,
audioset,Duck,Duck,duck,accepted,exact_normalized,Lowercase/punctuation/underscore normalization gives an exact AKG entity label; the acoustic concept is unchanged.,use_mapped_AKG_entity,0,
audioset,Quack,Quack,,unmapped,unresolved,No semantically equivalent AKG entity is established by the frozen rules; the class keeps its original CLAP score.,no_KG_expansion_keep_CLAP_score,0,
audioset,Goose,Goose,goose,accepted,exact_normalized,Lowercase/punctuation/underscore normalization gives an exact AKG entity label; the acoustic concept is unchanged.,use_mapped_AKG_entity,0,
audioset,Honk,Honk,,unmapped,unresolved,No semantically equivalent AKG entity is established by the frozen rules; the class keeps its original CLAP score.,no_KG_expansion_keep_CLAP_score,0,
audioset,Wild animals,Wild animals,wild animal,accepted,unique_token_signature,"After fixed token normalization, exactly one AKG entity has the same content-token signature; no first/last-word fallback is used.",use_mapped_AKG_entity,1,wild animal
audioset,"Roaring cats (lions, tigers)","Roaring cats (lions, tigers)",,unmapped,unresolved,No semantically equivalent AKG entity is established by the frozen rules; the class keeps its original CLAP score.,no_KG_expansion_keep_CLAP_score,0,
audioset,Roar,Roar,roar,accepted,exact_normalized,Lowercase/punctuation/underscore normalization gives an exact AKG entity label; the acoustic concept is unchanged.,use_mapped_AKG_entity,0,
audioset,Bird,Bird,bird,accepted,exact_normalized,Lowercase/punctuation/underscore normalization gives an exact AKG entity label; the acoustic concept is unchanged.,use_mapped_AKG_entity,0,
audioset,"Bird vocalization, bird call, bird song","Bird vocalization, bird call, bird song",bird vocalization call or song,accepted,unique_token_signature,"After fixed token normalization, exactly one AKG entity has the same content-token signature; no first/last-word fallback is used.",use_mapped_AKG_entity,1,bird vocalization call or song
audioset,"Chirp, tweet","Chirp, tweet",,unmapped,unresolved,No semantically equivalent AKG entity is established by the frozen rules; the class keeps its original CLAP score.,no_KG_expansion_keep_CLAP_score,0,
audioset,Squawk,Squawk,squawk,accepted,exact_normalized,Lowercase/punctuation/underscore normalization gives an exact AKG entity label; the acoustic concept is unchanged.,use_mapped_AKG_entity,0,
audioset,"Pigeon, dove","Pigeon, dove",pigeon dove,accepted,unique_token_signature,"After fixed token normalization, exactly one AKG entity has the same content-token signature; no first/last-word fallback is used.",use_mapped_AKG_entity,1,pigeon dove
audioset,Coo,Coo,,unmapped,unresolved,No semantically equivalent AKG entity is established by the frozen rules; the class keeps its original CLAP score.,no_KG_expansion_keep_CLAP_score,0,
audioset,Crow,Crow,crow,accepted,exact_normalized,Lowercase/punctuation/underscore normalization gives an exact AKG entity label; the acoustic concept is unchanged.,use_mapped_AKG_entity,0,
audioset,Caw,Caw,caw,accepted,exact_normalized,Lowercase/punctuation/underscore normalization gives an exact AKG entity label; the acoustic concept is unchanged.,use_mapped_AKG_entity,0,
audioset,Owl,Owl,owl,accepted,exact_normalized,Lowercase/punctuation/underscore normalization gives an exact AKG entity label; the acoustic concept is unchanged.,use_mapped_AKG_entity,0,
audioset,Hoot,Hoot,,unmapped,unresolved,No semantically equivalent AKG entity is established by the frozen rules; the class keeps its original CLAP score.,no_KG_expansion_keep_CLAP_score,0,
audioset,"Bird flight, flapping wings","Bird flight, flapping wings",,unmapped,unresolved,No semantically equivalent AKG entity is established by the frozen rules; the class keeps its original CLAP score.,no_KG_expansion_keep_CLAP_score,0,
audioset,"Canidae, dogs, wolves","Canidae, dogs, wolves",canidae dogs wolves,accepted,unique_token_signature,"After fixed token normalization, exactly one AKG entity has the same content-token signature; no first/last-word fallback is used.",use_mapped_AKG_entity,1,canidae dogs wolves
audioset,"Rodents, rats, mice","Rodents, rats, mice",rodents rats mice,accepted,unique_token_signature,"After fixed token normalization, exactly one AKG entity has the same content-token signature; no first/last-word fallback is used.",use_mapped_AKG_entity,1,rodents rats mice
audioset,Mouse,Mouse,mouse,accepted,exact_normalized,Lowercase/punctuation/underscore normalization gives an exact AKG entity label; the acoustic concept is unchanged.,use_mapped_AKG_entity,0,
audioset,Patter,Patter,,unmapped,unresolved,No semantically equivalent AKG entity is established by the frozen rules; the class keeps its original CLAP score.,no_KG_expansion_keep_CLAP_score,0,
audioset,Insect,Insect,insect,accepted,exact_normalized,Lowercase/punctuation/underscore normalization gives an exact AKG entity label; the acoustic concept is unchanged.,use_mapped_AKG_entity,0,
audioset,Cricket,Cricket,cricket,accepted,exact_normalized,Lowercase/punctuation/underscore normalization gives an exact AKG entity label; the acoustic concept is unchanged.,use_mapped_AKG_entity,0,
audioset,Mosquito,Mosquito,mosquito,accepted,exact_normalized,Lowercase/punctuation/underscore normalization gives an exact AKG entity label; the acoustic concept is unchanged.,use_mapped_AKG_entity,0,
audioset,"Fly, housefly","Fly, housefly",fly housefly,accepted,unique_token_signature,"After fixed token normalization, exactly one AKG entity has the same content-token signature; no first/last-word fallback is used.",use_mapped_AKG_entity,1,fly housefly
audioset,Buzz,Buzz,buzz,accepted,exact_normalized,Lowercase/punctuation/underscore normalization gives an exact AKG entity label; the acoustic concept is unchanged.,use_mapped_AKG_entity,0,
audioset,"Bee, wasp, etc.","Bee, wasp, etc.",,unmapped,unresolved,No semantically equivalent AKG entity is established by the frozen rules; the class keeps its original CLAP score.,no_KG_expansion_keep_CLAP_score,0,
audioset,Frog,Frog,frog,accepted,exact_normalized,Lowercase/punctuation/underscore normalization gives an exact AKG entity label; the acoustic concept is unchanged.,use_mapped_AKG_entity,0,
audioset,Croak,Croak,croak,accepted,exact_normalized,Lowercase/punctuation/underscore normalization gives an exact AKG entity label; the acoustic concept is unchanged.,use_mapped_AKG_entity,0,
audioset,Snake,Snake,snake,accepted,exact_normalized,Lowercase/punctuation/underscore normalization gives an exact AKG entity label; the acoustic concept is unchanged.,use_mapped_AKG_entity,0,
audioset,Rattle,Rattle,rattle,accepted,exact_normalized,Lowercase/punctuation/underscore normalization gives an exact AKG entity label; the acoustic concept is unchanged.,use_mapped_AKG_entity,0,
audioset,Whale vocalization,Whale vocalization,whale vocalization,accepted,exact_normalized,Lowercase/punctuation/underscore normalization gives an exact AKG entity label; the acoustic concept is unchanged.,use_mapped_AKG_entity,0,
audioset,Music,Music,music,accepted,exact_normalized,Lowercase/punctuation/underscore normalization gives an exact AKG entity label; the acoustic concept is unchanged.,use_mapped_AKG_entity,0,
audioset,Musical instrument,Musical instrument,musical instrument,accepted,exact_normalized,Lowercase/punctuation/underscore normalization gives an exact AKG entity label; the acoustic concept is unchanged.,use_mapped_AKG_entity,0,
audioset,Plucked string instrument,Plucked string instrument,plucked string instrument,accepted,exact_normalized,Lowercase/punctuation/underscore normalization gives an exact AKG entity label; the acoustic concept is unchanged.,use_mapped_AKG_entity,0,
audioset,Guitar,Guitar,guitar,accepted,exact_normalized,Lowercase/punctuation/underscore normalization gives an exact AKG entity label; the acoustic concept is unchanged.,use_mapped_AKG_entity,0,
audioset,Electric guitar,Electric guitar,electric guitar,accepted,exact_normalized,Lowercase/punctuation/underscore normalization gives an exact AKG entity label; the acoustic concept is unchanged.,use_mapped_AKG_entity,0,
audioset,Bass guitar,Bass guitar,bass guitar,accepted,exact_normalized,Lowercase/punctuation/underscore normalization gives an exact AKG entity label; the acoustic concept is unchanged.,use_mapped_AKG_entity,0,
audioset,Acoustic guitar,Acoustic guitar,acoustic guitar,accepted,exact_normalized,Lowercase/punctuation/underscore normalization gives an exact AKG entity label; the acoustic concept is unchanged.,use_mapped_AKG_entity,0,
audioset,"Steel guitar, slide guitar","Steel guitar, slide guitar",steel guitar or slide guitar,accepted,unique_token_signature,"After fixed token normalization, exactly one AKG entity has the same content-token signature; no first/last-word fallback is used.",use_mapped_AKG_entity,1,steel guitar or slide guitar
audioset,Tapping (guitar technique),Tapping (guitar technique),tapping,accepted,unique_token_signature,"After fixed token normalization, exactly one AKG entity has the same content-token signature; no first/last-word fallback is used.",use_mapped_AKG_entity,1,tapping
audioset,Strum,Strum,,unmapped,unresolved,No semantically equivalent AKG entity is established by the frozen rules; the class keeps its original CLAP score.,no_KG_expansion_keep_CLAP_score,0,
audioset,Banjo,Banjo,banjo,accepted,exact_normalized,Lowercase/punctuation/underscore normalization gives an exact AKG entity label; the acoustic concept is unchanged.,use_mapped_AKG_entity,0,
audioset,Sitar,Sitar,sitar,accepted,exact_normalized,Lowercase/punctuation/underscore normalization gives an exact AKG entity label; the acoustic concept is unchanged.,use_mapped_AKG_entity,0,
audioset,Mandolin,Mandolin,mandolin,accepted,exact_normalized,Lowercase/punctuation/underscore normalization gives an exact AKG entity label; the acoustic concept is unchanged.,use_mapped_AKG_entity,0,
audioset,Zither,Zither,zither,accepted,exact_normalized,Lowercase/punctuation/underscore normalization gives an exact AKG entity label; the acoustic concept is unchanged.,use_mapped_AKG_entity,0,
audioset,Ukulele,Ukulele,ukulele,accepted,exact_normalized,Lowercase/punctuation/underscore normalization gives an exact AKG entity label; the acoustic concept is unchanged.,use_mapped_AKG_entity,0,
audioset,Keyboard (musical),Keyboard (musical),keyboard (musical),accepted,exact_normalized,Lowercase/punctuation/underscore normalization gives an exact AKG entity label; the acoustic concept is unchanged.,use_mapped_AKG_entity,0,
audioset,Piano,Piano,piano,accepted,exact_normalized,Lowercase/punctuation/underscore normalization gives an exact AKG entity label; the acoustic concept is unchanged.,use_mapped_AKG_entity,0,
audioset,Electric piano,Electric piano,electric piano,accepted,exact_normalized,Lowercase/punctuation/underscore normalization gives an exact AKG entity label; the acoustic concept is unchanged.,use_mapped_AKG_entity,0,
audioset,Organ,Organ,organ,accepted,exact_normalized,Lowercase/punctuation/underscore normalization gives an exact AKG entity label; the acoustic concept is unchanged.,use_mapped_AKG_entity,0,
audioset,Electronic organ,Electronic organ,electronic organ,accepted,exact_normalized,Lowercase/punctuation/underscore normalization gives an exact AKG entity label; the acoustic concept is unchanged.,use_mapped_AKG_entity,0,
audioset,Hammond organ,Hammond organ,hammond organ,accepted,exact_normalized,Lowercase/punctuation/underscore normalization gives an exact AKG entity label; the acoustic concept is unchanged.,use_mapped_AKG_entity,0,
audioset,Synthesizer,Synthesizer,synthesizer,accepted,exact_normalized,Lowercase/punctuation/underscore normalization gives an exact AKG entity label; the acoustic concept is unchanged.,use_mapped_AKG_entity,0,
audioset,Sampler,Sampler,sampler,accepted,exact_normalized,Lowercase/punctuation/underscore normalization gives an exact AKG entity label; the acoustic concept is unchanged.,use_mapped_AKG_entity,0,
audioset,Harpsichord,Harpsichord,harpsichord,accepted,exact_normalized,Lowercase/punctuation/underscore normalization gives an exact AKG entity label; the acoustic concept is unchanged.,use_mapped_AKG_entity,0,
audioset,Percussion,Percussion,percussion,accepted,exact_normalized,Lowercase/punctuation/underscore normalization gives an exact AKG entity label; the acoustic concept is unchanged.,use_mapped_AKG_entity,0,
audioset,Drum kit,Drum kit,drum kit,accepted,exact_normalized,Lowercase/punctuation/underscore normalization gives an exact AKG entity label; the acoustic concept is unchanged.,use_mapped_AKG_entity,0,
audioset,Drum machine,Drum machine,drum machine,accepted,exact_normalized,Lowercase/punctuation/underscore normalization gives an exact AKG entity label; the acoustic concept is unchanged.,use_mapped_AKG_entity,0,
audioset,Drum,Drum,drum,accepted,exact_normalized,Lowercase/punctuation/underscore normalization gives an exact AKG entity label; the acoustic concept is unchanged.,use_mapped_AKG_entity,0,
audioset,Snare drum,Snare drum,snare drum,accepted,exact_normalized,Lowercase/punctuation/underscore normalization gives an exact AKG entity label; the acoustic concept is unchanged.,use_mapped_AKG_entity,0,
audioset,Rimshot,Rimshot,rimshot,accepted,exact_normalized,Lowercase/punctuation/underscore normalization gives an exact AKG entity label; the acoustic concept is unchanged.,use_mapped_AKG_entity,0,
audioset,Drum roll,Drum roll,drum roll,accepted,exact_normalized,Lowercase/punctuation/underscore normalization gives an exact AKG entity label; the acoustic concept is unchanged.,use_mapped_AKG_entity,0,
audioset,Bass drum,Bass drum,bass drum,accepted,exact_normalized,Lowercase/punctuation/underscore normalization gives an exact AKG entity label; the acoustic concept is unchanged.,use_mapped_AKG_entity,0,
audioset,Timpani,Timpani,timpani,accepted,exact_normalized,Lowercase/punctuation/underscore normalization gives an exact AKG entity label; the acoustic concept is unchanged.,use_mapped_AKG_entity,0,
audioset,Tabla,Tabla,tabla,accepted,exact_normalized,Lowercase/punctuation/underscore normalization gives an exact AKG entity label; the acoustic concept is unchanged.,use_mapped_AKG_entity,0,
audioset,Cymbal,Cymbal,cymbal,accepted,exact_normalized,Lowercase/punctuation/underscore normalization gives an exact AKG entity label; the acoustic concept is unchanged.,use_mapped_AKG_entity,0,
audioset,Hi-hat,Hi-hat,hi-hat,accepted,exact_normalized,Lowercase/punctuation/underscore normalization gives an exact AKG entity label; the acoustic concept is unchanged.,use_mapped_AKG_entity,0,
audioset,Wood block,Wood block,wood block,accepted,exact_normalized,Lowercase/punctuation/underscore normalization gives an exact AKG entity label; the acoustic concept is unchanged.,use_mapped_AKG_entity,0,
audioset,Tambourine,Tambourine,tambourine,accepted,exact_normalized,Lowercase/punctuation/underscore normalization gives an exact AKG entity label; the acoustic concept is unchanged.,use_mapped_AKG_entity,0,
audioset,Rattle (instrument),Rattle (instrument),rattle (instrument),accepted,exact_normalized,Lowercase/punctuation/underscore normalization gives an exact AKG entity label; the acoustic concept is unchanged.,use_mapped_AKG_entity,0,
audioset,Maraca,Maraca,maraca,accepted,exact_normalized,Lowercase/punctuation/underscore normalization gives an exact AKG entity label; the acoustic concept is unchanged.,use_mapped_AKG_entity,0,
audioset,Gong,Gong,gong,accepted,exact_normalized,Lowercase/punctuation/underscore normalization gives an exact AKG entity label; the acoustic concept is unchanged.,use_mapped_AKG_entity,0,
audioset,Tubular bells,Tubular bells,tubular bells,accepted,exact_normalized,Lowercase/punctuation/underscore normalization gives an exact AKG entity label; the acoustic concept is unchanged.,use_mapped_AKG_entity,0,
audioset,Mallet percussion,Mallet percussion,mallet percussion,accepted,exact_normalized,Lowercase/punctuation/underscore normalization gives an exact AKG entity label; the acoustic concept is unchanged.,use_mapped_AKG_entity,0,
audioset,"Marimba, xylophone","Marimba, xylophone",marimba and xylophone,accepted,unique_token_signature,"After fixed token normalization, exactly one AKG entity has the same content-token signature; no first/last-word fallback is used.",use_mapped_AKG_entity,1,marimba and xylophone
audioset,Glockenspiel,Glockenspiel,glockenspiel,accepted,exact_normalized,Lowercase/punctuation/underscore normalization gives an exact AKG entity label; the acoustic concept is unchanged.,use_mapped_AKG_entity,0,
audioset,Vibraphone,Vibraphone,vibraphone,accepted,exact_normalized,Lowercase/punctuation/underscore normalization gives an exact AKG entity label; the acoustic concept is unchanged.,use_mapped_AKG_entity,0,
audioset,Steelpan,Steelpan,steelpan,accepted,exact_normalized,Lowercase/punctuation/underscore normalization gives an exact AKG entity label; the acoustic concept is unchanged.,use_mapped_AKG_entity,0,
audioset,Orchestra,Orchestra,orchestra,accepted,exact_normalized,Lowercase/punctuation/underscore normalization gives an exact AKG entity label; the acoustic concept is unchanged.,use_mapped_AKG_entity,0,
audioset,Brass instrument,Brass instrument,brass instrument,accepted,exact_normalized,Lowercase/punctuation/underscore normalization gives an exact AKG entity label; the acoustic concept is unchanged.,use_mapped_AKG_entity,0,
audioset,French horn,French horn,french horn,accepted,exact_normalized,Lowercase/punctuation/underscore normalization gives an exact AKG entity label; the acoustic concept is unchanged.,use_mapped_AKG_entity,0,
audioset,Trumpet,Trumpet,trumpet,accepted,exact_normalized,Lowercase/punctuation/underscore normalization gives an exact AKG entity label; the acoustic concept is unchanged.,use_mapped_AKG_entity,0,
audioset,Trombone,Trombone,trombone,accepted,exact_normalized,Lowercase/punctuation/underscore normalization gives an exact AKG entity label; the acoustic concept is unchanged.,use_mapped_AKG_entity,0,
audioset,Bowed string instrument,Bowed string instrument,bowed string instrument,accepted,exact_normalized,Lowercase/punctuation/underscore normalization gives an exact AKG entity label; the acoustic concept is unchanged.,use_mapped_AKG_entity,0,
audioset,String section,String section,string section,accepted,exact_normalized,Lowercase/punctuation/underscore normalization gives an exact AKG entity label; the acoustic concept is unchanged.,use_mapped_AKG_entity,0,
audioset,"Violin, fiddle","Violin, fiddle",violin fiddle,accepted,unique_token_signature,"After fixed token normalization, exactly one AKG entity has the same content-token signature; no first/last-word fallback is used.",use_mapped_AKG_entity,1,violin fiddle
audioset,Pizzicato,Pizzicato,pizzicato,accepted,exact_normalized,Lowercase/punctuation/underscore normalization gives an exact AKG entity label; the acoustic concept is unchanged.,use_mapped_AKG_entity,0,
audioset,Cello,Cello,cello,accepted,exact_normalized,Lowercase/punctuation/underscore normalization gives an exact AKG entity label; the acoustic concept is unchanged.,use_mapped_AKG_entity,0,
audioset,Double bass,Double bass,double bass,accepted,exact_normalized,Lowercase/punctuation/underscore normalization gives an exact AKG entity label; the acoustic concept is unchanged.,use_mapped_AKG_entity,0,
audioset,"Wind instrument, woodwind instrument","Wind instrument, woodwind instrument",wind or woodwind instrument,accepted,unique_token_signature,"After fixed token normalization, exactly one AKG entity has the same content-token signature; no first/last-word fallback is used.",use_mapped_AKG_entity,1,wind or woodwind instrument
audioset,Flute,Flute,flute,accepted,exact_normalized,Lowercase/punctuation/underscore normalization gives an exact AKG entity label; the acoustic concept is unchanged.,use_mapped_AKG_entity,0,
audioset,Saxophone,Saxophone,saxophone,accepted,exact_normalized,Lowercase/punctuation/underscore normalization gives an exact AKG entity label; the acoustic concept is unchanged.,use_mapped_AKG_entity,0,
audioset,Clarinet,Clarinet,clarinet,accepted,exact_normalized,Lowercase/punctuation/underscore normalization gives an exact AKG entity label; the acoustic concept is unchanged.,use_mapped_AKG_entity,0,
audioset,Harp,Harp,harp,accepted,exact_normalized,Lowercase/punctuation/underscore normalization gives an exact AKG entity label; the acoustic concept is unchanged.,use_mapped_AKG_entity,0,
audioset,Bell,Bell,bell,accepted,exact_normalized,Lowercase/punctuation/underscore normalization gives an exact AKG entity label; the acoustic concept is unchanged.,use_mapped_AKG_entity,0,
audioset,Church bell,Church bell,church bell,accepted,exact_normalized,Lowercase/punctuation/underscore normalization gives an exact AKG entity label; the acoustic concept is unchanged.,use_mapped_AKG_entity,0,
audioset,Jingle bell,Jingle bell,jingle bell,accepted,exact_normalized,Lowercase/punctuation/underscore normalization gives an exact AKG entity label; the acoustic concept is unchanged.,use_mapped_AKG_entity,0,
audioset,Bicycle bell,Bicycle bell,bicycle bell,accepted,exact_normalized,Lowercase/punctuation/underscore normalization gives an exact AKG entity label; the acoustic concept is unchanged.,use_mapped_AKG_entity,0,
audioset,Tuning fork,Tuning fork,tuning fork,accepted,exact_normalized,Lowercase/punctuation/underscore normalization gives an exact AKG entity label; the acoustic concept is unchanged.,use_mapped_AKG_entity,0,
audioset,Chime,Chime,chime,accepted,exact_normalized,Lowercase/punctuation/underscore normalization gives an exact AKG entity label; the acoustic concept is unchanged.,use_mapped_AKG_entity,0,
audioset,Wind chime,Wind chime,wind chime,accepted,exact_normalized,Lowercase/punctuation/underscore normalization gives an exact AKG entity label; the acoustic concept is unchanged.,use_mapped_AKG_entity,0,
audioset,Change ringing (campanology),Change ringing (campanology),,unmapped,unresolved,No semantically equivalent AKG entity is established by the frozen rules; the class keeps its original CLAP score.,no_KG_expansion_keep_CLAP_score,0,
audioset,Harmonica,Harmonica,harmonica,accepted,exact_normalized,Lowercase/punctuation/underscore normalization gives an exact AKG entity label; the acoustic concept is unchanged.,use_mapped_AKG_entity,0,
audioset,Accordion,Accordion,accordion,accepted,exact_normalized,Lowercase/punctuation/underscore normalization gives an exact AKG entity label; the acoustic concept is unchanged.,use_mapped_AKG_entity,0,
audioset,Bagpipes,Bagpipes,bagpipes,accepted,exact_normalized,Lowercase/punctuation/underscore normalization gives an exact AKG entity label; the acoustic concept is unchanged.,use_mapped_AKG_entity,0,
audioset,Didgeridoo,Didgeridoo,didgeridoo,accepted,exact_normalized,Lowercase/punctuation/underscore normalization gives an exact AKG entity label; the acoustic concept is unchanged.,use_mapped_AKG_entity,0,
audioset,Shofar,Shofar,shofar,accepted,exact_normalized,Lowercase/punctuation/underscore normalization gives an exact AKG entity label; the acoustic concept is unchanged.,use_mapped_AKG_entity,0,
audioset,Theremin,Theremin,theremin,accepted,exact_normalized,Lowercase/punctuation/underscore normalization gives an exact AKG entity label; the acoustic concept is unchanged.,use_mapped_AKG_entity,0,
audioset,Singing bowl,Singing bowl,singing bowl,accepted,exact_normalized,Lowercase/punctuation/underscore normalization gives an exact AKG entity label; the acoustic concept is unchanged.,use_mapped_AKG_entity,0,
audioset,Scratching (performance technique),Scratching (performance technique),scratching,accepted,unique_token_signature,"After fixed token normalization, exactly one AKG entity has the same content-token signature; no first/last-word fallback is used.",use_mapped_AKG_entity,1,scratching
audioset,Pop music,Pop music,pop music,accepted,exact_normalized,Lowercase/punctuation/underscore normalization gives an exact AKG entity label; the acoustic concept is unchanged.,use_mapped_AKG_entity,0,
audioset,Hip hop music,Hip hop music,hip hop music,accepted,exact_normalized,Lowercase/punctuation/underscore normalization gives an exact AKG entity label; the acoustic concept is unchanged.,use_mapped_AKG_entity,0,
audioset,Beatboxing,Beatboxing,beatboxing,accepted,exact_normalized,Lowercase/punctuation/underscore normalization gives an exact AKG entity label; the acoustic concept is unchanged.,use_mapped_AKG_entity,0,
audioset,Rock music,Rock music,rock music,accepted,exact_normalized,Lowercase/punctuation/underscore normalization gives an exact AKG entity label; the acoustic concept is unchanged.,use_mapped_AKG_entity,0,
audioset,Heavy metal,Heavy metal,heavy metal,accepted,exact_normalized,Lowercase/punctuation/underscore normalization gives an exact AKG entity label; the acoustic concept is unchanged.,use_mapped_AKG_entity,0,
audioset,Punk rock,Punk rock,punk rock,accepted,exact_normalized,Lowercase/punctuation/underscore normalization gives an exact AKG entity label; the acoustic concept is unchanged.,use_mapped_AKG_entity,0,
audioset,Grunge,Grunge,grunge,accepted,exact_normalized,Lowercase/punctuation/underscore normalization gives an exact AKG entity label; the acoustic concept is unchanged.,use_mapped_AKG_entity,0,
audioset,Progressive rock,Progressive rock,progressive rock,accepted,exact_normalized,Lowercase/punctuation/underscore normalization gives an exact AKG entity label; the acoustic concept is unchanged.,use_mapped_AKG_entity,0,
audioset,Rock and roll,Rock and roll,rock and roll,accepted,exact_normalized,Lowercase/punctuation/underscore normalization gives an exact AKG entity label; the acoustic concept is unchanged.,use_mapped_AKG_entity,0,
audioset,Psychedelic rock,Psychedelic rock,psychedelic rock,accepted,exact_normalized,Lowercase/punctuation/underscore normalization gives an exact AKG entity label; the acoustic concept is unchanged.,use_mapped_AKG_entity,0,
audioset,Rhythm and blues,Rhythm and blues,,unmapped,unresolved,No semantically equivalent AKG entity is established by the frozen rules; the class keeps its original CLAP score.,no_KG_expansion_keep_CLAP_score,0,
audioset,Soul music,Soul music,soul music,accepted,exact_normalized,Lowercase/punctuation/underscore normalization gives an exact AKG entity label; the acoustic concept is unchanged.,use_mapped_AKG_entity,0,
audioset,Reggae,Reggae,,unmapped,unresolved,No semantically equivalent AKG entity is established by the frozen rules; the class keeps its original CLAP score.,no_KG_expansion_keep_CLAP_score,0,
audioset,Country,Country,,unmapped,unresolved,No semantically equivalent AKG entity is established by the frozen rules; the class keeps its original CLAP score.,no_KG_expansion_keep_CLAP_score,0,
audioset,Swing music,Swing music,swing music,accepted,exact_normalized,Lowercase/punctuation/underscore normalization gives an exact AKG entity label; the acoustic concept is unchanged.,use_mapped_AKG_entity,0,
audioset,Bluegrass,Bluegrass,,unmapped,unresolved,No semantically equivalent AKG entity is established by the frozen rules; the class keeps its original CLAP score.,no_KG_expansion_keep_CLAP_score,0,
audioset,Funk,Funk,,unmapped,unresolved,No semantically equivalent AKG entity is established by the frozen rules; the class keeps its original CLAP score.,no_KG_expansion_keep_CLAP_score,0,
audioset,Folk music,Folk music,folk music,accepted,exact_normalized,Lowercase/punctuation/underscore normalization gives an exact AKG entity label; the acoustic concept is unchanged.,use_mapped_AKG_entity,0,
audioset,Middle Eastern music,Middle Eastern music,middle eastern music,accepted,exact_normalized,Lowercase/punctuation/underscore normalization gives an exact AKG entity label; the acoustic concept is unchanged.,use_mapped_AKG_entity,0,
audioset,Jazz,Jazz,jazz,accepted,exact_normalized,Lowercase/punctuation/underscore normalization gives an exact AKG entity label; the acoustic concept is unchanged.,use_mapped_AKG_entity,0,
audioset,Disco,Disco,,unmapped,unresolved,No semantically equivalent AKG entity is established by the frozen rules; the class keeps its original CLAP score.,no_KG_expansion_keep_CLAP_score,0,
audioset,Classical music,Classical music,classical music,accepted,exact_normalized,Lowercase/punctuation/underscore normalization gives an exact AKG entity label; the acoustic concept is unchanged.,use_mapped_AKG_entity,0,
audioset,Opera,Opera,opera,accepted,exact_normalized,Lowercase/punctuation/underscore normalization gives an exact AKG entity label; the acoustic concept is unchanged.,use_mapped_AKG_entity,0,
audioset,Electronic music,Electronic music,electronic music,accepted,exact_normalized,Lowercase/punctuation/underscore normalization gives an exact AKG entity label; the acoustic concept is unchanged.,use_mapped_AKG_entity,0,
audioset,House music,House music,house music,accepted,exact_normalized,Lowercase/punctuation/underscore normalization gives an exact AKG entity label; the acoustic concept is unchanged.,use_mapped_AKG_entity,0,
audioset,Techno,Techno,techno,accepted,exact_normalized,Lowercase/punctuation/underscore normalization gives an exact AKG entity label; the acoustic concept is unchanged.,use_mapped_AKG_entity,0,
audioset,Dubstep,Dubstep,dubstep,accepted,exact_normalized,Lowercase/punctuation/underscore normalization gives an exact AKG entity label; the acoustic concept is unchanged.,use_mapped_AKG_entity,0,
audioset,Drum and bass,Drum and bass,drum and bass,accepted,exact_normalized,Lowercase/punctuation/underscore normalization gives an exact AKG entity label; the acoustic concept is unchanged.,use_mapped_AKG_entity,0,
audioset,Electronica,Electronica,electronica,accepted,exact_normalized,Lowercase/punctuation/underscore normalization gives an exact AKG entity label; the acoustic concept is unchanged.,use_mapped_AKG_entity,0,
audioset,Electronic dance music,Electronic dance music,electronic dance music,accepted,exact_normalized,Lowercase/punctuation/underscore normalization gives an exact AKG entity label; the acoustic concept is unchanged.,use_mapped_AKG_entity,0,
audioset,Ambient music,Ambient music,ambient music,accepted,exact_normalized,Lowercase/punctuation/underscore normalization gives an exact AKG entity label; the acoustic concept is unchanged.,use_mapped_AKG_entity,0,
audioset,Trance music,Trance music,trance music,accepted,exact_normalized,Lowercase/punctuation/underscore normalization gives an exact AKG entity label; the acoustic concept is unchanged.,use_mapped_AKG_entity,0,
audioset,Music of Latin America,Music of Latin America,,unmapped,unresolved,No semantically equivalent AKG entity is established by the frozen rules; the class keeps its original CLAP score.,no_KG_expansion_keep_CLAP_score,0,
audioset,Salsa music,Salsa music,salsa music,accepted,exact_normalized,Lowercase/punctuation/underscore normalization gives an exact AKG entity label; the acoustic concept is unchanged.,use_mapped_AKG_entity,0,
audioset,Flamenco,Flamenco,,unmapped,unresolved,No semantically equivalent AKG entity is established by the frozen rules; the class keeps its original CLAP score.,no_KG_expansion_keep_CLAP_score,0,
audioset,Blues,Blues,,unmapped,unresolved,No semantically equivalent AKG entity is established by the frozen rules; the class keeps its original CLAP score.,no_KG_expansion_keep_CLAP_score,0,
audioset,Music for children,Music for children,,unmapped,unresolved,No semantically equivalent AKG entity is established by the frozen rules; the class keeps its original CLAP score.,no_KG_expansion_keep_CLAP_score,0,
audioset,New-age music,New-age music,new-age music,accepted,exact_normalized,Lowercase/punctuation/underscore normalization gives an exact AKG entity label; the acoustic concept is unchanged.,use_mapped_AKG_entity,0,
audioset,Vocal music,Vocal music,vocal music,accepted,exact_normalized,Lowercase/punctuation/underscore normalization gives an exact AKG entity label; the acoustic concept is unchanged.,use_mapped_AKG_entity,0,
audioset,A capella,A capella,a capella,accepted,exact_normalized,Lowercase/punctuation/underscore normalization gives an exact AKG entity label; the acoustic concept is unchanged.,use_mapped_AKG_entity,0,
audioset,Music of Africa,Music of Africa,,unmapped,unresolved,No semantically equivalent AKG entity is established by the frozen rules; the class keeps its original CLAP score.,no_KG_expansion_keep_CLAP_score,0,
audioset,Afrobeat,Afrobeat,afrobeat,accepted,exact_normalized,Lowercase/punctuation/underscore normalization gives an exact AKG entity label; the acoustic concept is unchanged.,use_mapped_AKG_entity,0,
audioset,Christian music,Christian music,christian music,accepted,exact_normalized,Lowercase/punctuation/underscore normalization gives an exact AKG entity label; the acoustic concept is unchanged.,use_mapped_AKG_entity,0,
audioset,Gospel music,Gospel music,gospel music,accepted,exact_normalized,Lowercase/punctuation/underscore normalization gives an exact AKG entity label; the acoustic concept is unchanged.,use_mapped_AKG_entity,0,
audioset,Music of Asia,Music of Asia,,unmapped,unresolved,No semantically equivalent AKG entity is established by the frozen rules; the class keeps its original CLAP score.,no_KG_expansion_keep_CLAP_score,0,
audioset,Carnatic music,Carnatic music,carnatic music,accepted,exact_normalized,Lowercase/punctuation/underscore normalization gives an exact AKG entity label; the acoustic concept is unchanged.,use_mapped_AKG_entity,0,
audioset,Music of Bollywood,Music of Bollywood,music of bollywood,accepted,exact_normalized,Lowercase/punctuation/underscore normalization gives an exact AKG entity label; the acoustic concept is unchanged.,use_mapped_AKG_entity,0,
audioset,Ska,Ska,,unmapped,unresolved,No semantically equivalent AKG entity is established by the frozen rules; the class keeps its original CLAP score.,no_KG_expansion_keep_CLAP_score,0,
audioset,Traditional music,Traditional music,traditional music,accepted,exact_normalized,Lowercase/punctuation/underscore normalization gives an exact AKG entity label; the acoustic concept is unchanged.,use_mapped_AKG_entity,0,
audioset,Independent music,Independent music,independent music,accepted,exact_normalized,Lowercase/punctuation/underscore normalization gives an exact AKG entity label; the acoustic concept is unchanged.,use_mapped_AKG_entity,0,
audioset,Song,Song,song,accepted,exact_normalized,Lowercase/punctuation/underscore normalization gives an exact AKG entity label; the acoustic concept is unchanged.,use_mapped_AKG_entity,0,
audioset,Background music,Background music,background music,accepted,exact_normalized,Lowercase/punctuation/underscore normalization gives an exact AKG entity label; the acoustic concept is unchanged.,use_mapped_AKG_entity,0,
audioset,Theme music,Theme music,theme music,accepted,exact_normalized,Lowercase/punctuation/underscore normalization gives an exact AKG entity label; the acoustic concept is unchanged.,use_mapped_AKG_entity,0,
audioset,Jingle (music),Jingle (music),,unmapped,unresolved,No semantically equivalent AKG entity is established by the frozen rules; the class keeps its original CLAP score.,no_KG_expansion_keep_CLAP_score,0,
audioset,Soundtrack music,Soundtrack music,soundtrack music,accepted,exact_normalized,Lowercase/punctuation/underscore normalization gives an exact AKG entity label; the acoustic concept is unchanged.,use_mapped_AKG_entity,0,
audioset,Lullaby,Lullaby,lullaby,accepted,exact_normalized,Lowercase/punctuation/underscore normalization gives an exact AKG entity label; the acoustic concept is unchanged.,use_mapped_AKG_entity,0,
audioset,Video game music,Video game music,video game music,accepted,exact_normalized,Lowercase/punctuation/underscore normalization gives an exact AKG entity label; the acoustic concept is unchanged.,use_mapped_AKG_entity,0,
audioset,Christmas music,Christmas music,christmas music,accepted,exact_normalized,Lowercase/punctuation/underscore normalization gives an exact AKG entity label; the acoustic concept is unchanged.,use_mapped_AKG_entity,0,
audioset,Dance music,Dance music,dance music,accepted,exact_normalized,Lowercase/punctuation/underscore normalization gives an exact AKG entity label; the acoustic concept is unchanged.,use_mapped_AKG_entity,0,
audioset,Wedding music,Wedding music,wedding music,accepted,exact_normalized,Lowercase/punctuation/underscore normalization gives an exact AKG entity label; the acoustic concept is unchanged.,use_mapped_AKG_entity,0,
audioset,Happy music,Happy music,happy music,accepted,exact_normalized,Lowercase/punctuation/underscore normalization gives an exact AKG entity label; the acoustic concept is unchanged.,use_mapped_AKG_entity,0,
audioset,Funny music,Funny music,funny music,accepted,exact_normalized,Lowercase/punctuation/underscore normalization gives an exact AKG entity label; the acoustic concept is unchanged.,use_mapped_AKG_entity,0,
audioset,Sad music,Sad music,sad music,accepted,exact_normalized,Lowercase/punctuation/underscore normalization gives an exact AKG entity label; the acoustic concept is unchanged.,use_mapped_AKG_entity,0,
audioset,Tender music,Tender music,tender music,accepted,exact_normalized,Lowercase/punctuation/underscore normalization gives an exact AKG entity label; the acoustic concept is unchanged.,use_mapped_AKG_entity,0,
audioset,Exciting music,Exciting music,exciting music,accepted,exact_normalized,Lowercase/punctuation/underscore normalization gives an exact AKG entity label; the acoustic concept is unchanged.,use_mapped_AKG_entity,0,
audioset,Angry music,Angry music,angry music,accepted,exact_normalized,Lowercase/punctuation/underscore normalization gives an exact AKG entity label; the acoustic concept is unchanged.,use_mapped_AKG_entity,0,
audioset,Scary music,Scary music,scary music,accepted,exact_normalized,Lowercase/punctuation/underscore normalization gives an exact AKG entity label; the acoustic concept is unchanged.,use_mapped_AKG_entity,0,
audioset,Wind,Wind,wind,accepted,exact_normalized,Lowercase/punctuation/underscore normalization gives an exact AKG entity label; the acoustic concept is unchanged.,use_mapped_AKG_entity,0,
audioset,Rustling leaves,Rustling leaves,rustling leaves,accepted,exact_normalized,Lowercase/punctuation/underscore normalization gives an exact AKG entity label; the acoustic concept is unchanged.,use_mapped_AKG_entity,0,
audioset,Wind noise (microphone),Wind noise (microphone),wind noise (microphone),accepted,exact_normalized,Lowercase/punctuation/underscore normalization gives an exact AKG entity label; the acoustic concept is unchanged.,use_mapped_AKG_entity,0,
audioset,Thunderstorm,Thunderstorm,thunderstorm,accepted,exact_normalized,Lowercase/punctuation/underscore normalization gives an exact AKG entity label; the acoustic concept is unchanged.,use_mapped_AKG_entity,0,
audioset,Thunder,Thunder,thunder,accepted,exact_normalized,Lowercase/punctuation/underscore normalization gives an exact AKG entity label; the acoustic concept is unchanged.,use_mapped_AKG_entity,0,
audioset,Water,Water,water,accepted,exact_normalized,Lowercase/punctuation/underscore normalization gives an exact AKG entity label; the acoustic concept is unchanged.,use_mapped_AKG_entity,0,
audioset,Rain,Rain,rain,accepted,exact_normalized,Lowercase/punctuation/underscore normalization gives an exact AKG entity label; the acoustic concept is unchanged.,use_mapped_AKG_entity,0,
audioset,Raindrop,Raindrop,raindrop,accepted,exact_normalized,Lowercase/punctuation/underscore normalization gives an exact AKG entity label; the acoustic concept is unchanged.,use_mapped_AKG_entity,0,
audioset,Rain on surface,Rain on surface,rain on surface,accepted,exact_normalized,Lowercase/punctuation/underscore normalization gives an exact AKG entity label; the acoustic concept is unchanged.,use_mapped_AKG_entity,0,
audioset,Stream,Stream,stream,accepted,exact_normalized,Lowercase/punctuation/underscore normalization gives an exact AKG entity label; the acoustic concept is unchanged.,use_mapped_AKG_entity,0,
audioset,Waterfall,Waterfall,waterfall,accepted,exact_normalized,Lowercase/punctuation/underscore normalization gives an exact AKG entity label; the acoustic concept is unchanged.,use_mapped_AKG_entity,0,
audioset,Ocean,Ocean,ocean,accepted,exact_normalized,Lowercase/punctuation/underscore normalization gives an exact AKG entity label; the acoustic concept is unchanged.,use_mapped_AKG_entity,0,
audioset,"Waves, surf","Waves, surf",,unmapped,unresolved,No semantically equivalent AKG entity is established by the frozen rules; the class keeps its original CLAP score.,no_KG_expansion_keep_CLAP_score,0,
audioset,Steam,Steam,steam,accepted,exact_normalized,Lowercase/punctuation/underscore normalization gives an exact AKG entity label; the acoustic concept is unchanged.,use_mapped_AKG_entity,0,
audioset,Gurgling,Gurgling,,unmapped,unresolved,No semantically equivalent AKG entity is established by the frozen rules; the class keeps its original CLAP score.,no_KG_expansion_keep_CLAP_score,0,
audioset,Fire,Fire,fire,accepted,exact_normalized,Lowercase/punctuation/underscore normalization gives an exact AKG entity label; the acoustic concept is unchanged.,use_mapped_AKG_entity,0,
audioset,Crackle,Crackle,crackle,accepted,exact_normalized,Lowercase/punctuation/underscore normalization gives an exact AKG entity label; the acoustic concept is unchanged.,use_mapped_AKG_entity,0,
audioset,Vehicle,Vehicle,vehicle,accepted,exact_normalized,Lowercase/punctuation/underscore normalization gives an exact AKG entity label; the acoustic concept is unchanged.,use_mapped_AKG_entity,0,
audioset,"Boat, Water vehicle","Boat, Water vehicle",,unmapped,unresolved,No semantically equivalent AKG entity is established by the frozen rules; the class keeps its original CLAP score.,no_KG_expansion_keep_CLAP_score,0,
audioset,"Sailboat, sailing ship","Sailboat, sailing ship",sailboat sailing ship,accepted,unique_token_signature,"After fixed token normalization, exactly one AKG entity has the same content-token signature; no first/last-word fallback is used.",use_mapped_AKG_entity,1,sailboat sailing ship
audioset,"Rowboat, canoe, kayak","Rowboat, canoe, kayak",rowboat canoe kayak,accepted,unique_token_signature,"After fixed token normalization, exactly one AKG entity has the same content-token signature; no first/last-word fallback is used.",use_mapped_AKG_entity,1,rowboat canoe kayak
audioset,"Motorboat, speedboat","Motorboat, speedboat",motorboat speedboat,accepted,unique_token_signature,"After fixed token normalization, exactly one AKG entity has the same content-token signature; no first/last-word fallback is used.",use_mapped_AKG_entity,1,motorboat speedboat
audioset,Ship,Ship,ship,accepted,exact_normalized,Lowercase/punctuation/underscore normalization gives an exact AKG entity label; the acoustic concept is unchanged.,use_mapped_AKG_entity,0,
audioset,Motor vehicle (road),Motor vehicle (road),motor vehicle,accepted,unique_token_signature,"After fixed token normalization, exactly one AKG entity has the same content-token signature; no first/last-word fallback is used.",use_mapped_AKG_entity,1,motor vehicle
audioset,Car,Car,car,accepted,exact_normalized,Lowercase/punctuation/underscore normalization gives an exact AKG entity label; the acoustic concept is unchanged.,use_mapped_AKG_entity,0,
audioset,"Vehicle horn, car horn, honking","Vehicle horn, car horn, honking",,unmapped,unresolved,No semantically equivalent AKG entity is established by the frozen rules; the class keeps its original CLAP score.,no_KG_expansion_keep_CLAP_score,0,
audioset,Toot,Toot,,unmapped,unresolved,No semantically equivalent AKG entity is established by the frozen rules; the class keeps its original CLAP score.,no_KG_expansion_keep_CLAP_score,0,
audioset,Car alarm,Car alarm,car alarm,accepted,exact_normalized,Lowercase/punctuation/underscore normalization gives an exact AKG entity label; the acoustic concept is unchanged.,use_mapped_AKG_entity,0,
audioset,"Power windows, electric windows","Power windows, electric windows",power windows electric windows,accepted,unique_token_signature,"After fixed token normalization, exactly one AKG entity has the same content-token signature; no first/last-word fallback is used.",use_mapped_AKG_entity,1,power windows electric windows
audioset,Skidding,Skidding,,unmapped,unresolved,No semantically equivalent AKG entity is established by the frozen rules; the class keeps its original CLAP score.,no_KG_expansion_keep_CLAP_score,0,
audioset,Tire squeal,Tire squeal,tire squeal,accepted,exact_normalized,Lowercase/punctuation/underscore normalization gives an exact AKG entity label; the acoustic concept is unchanged.,use_mapped_AKG_entity,0,
audioset,Car passing by,Car passing by,car passing by,accepted,exact_normalized,Lowercase/punctuation/underscore normalization gives an exact AKG entity label; the acoustic concept is unchanged.,use_mapped_AKG_entity,0,
audioset,"Race car, auto racing","Race car, auto racing",,unmapped,unresolved,No semantically equivalent AKG entity is established by the frozen rules; the class keeps its original CLAP score.,no_KG_expansion_keep_CLAP_score,0,
audioset,Truck,Truck,truck,accepted,exact_normalized,Lowercase/punctuation/underscore normalization gives an exact AKG entity label; the acoustic concept is unchanged.,use_mapped_AKG_entity,0,
audioset,Air brake,Air brake,air brake,accepted,exact_normalized,Lowercase/punctuation/underscore normalization gives an exact AKG entity label; the acoustic concept is unchanged.,use_mapped_AKG_entity,0,
audioset,"Air horn, truck horn","Air horn, truck horn",air horn or truck horn,accepted,unique_token_signature,"After fixed token normalization, exactly one AKG entity has the same content-token signature; no first/last-word fallback is used.",use_mapped_AKG_entity,1,air horn or truck horn
audioset,Reversing beeps,Reversing beeps,,unmapped,unresolved,No semantically equivalent AKG entity is established by the frozen rules; the class keeps its original CLAP score.,no_KG_expansion_keep_CLAP_score,0,
audioset,"Ice cream truck, ice cream van","Ice cream truck, ice cream van",,unmapped,unresolved,No semantically equivalent AKG entity is established by the frozen rules; the class keeps its original CLAP score.,no_KG_expansion_keep_CLAP_score,0,
audioset,Bus,Bus,bus,accepted,exact_normalized,Lowercase/punctuation/underscore normalization gives an exact AKG entity label; the acoustic concept is unchanged.,use_mapped_AKG_entity,0,
audioset,Emergency vehicle,Emergency vehicle,emergency vehicle,accepted,exact_normalized,Lowercase/punctuation/underscore normalization gives an exact AKG entity label; the acoustic concept is unchanged.,use_mapped_AKG_entity,0,
audioset,Police car (siren),Police car (siren),,unmapped,unresolved,No semantically equivalent AKG entity is established by the frozen rules; the class keeps its original CLAP score.,no_KG_expansion_keep_CLAP_score,0,
audioset,Ambulance (siren),Ambulance (siren),ambulance,accepted,unique_token_signature,"After fixed token normalization, exactly one AKG entity has the same content-token signature; no first/last-word fallback is used.",use_mapped_AKG_entity,1,ambulance
audioset,"Fire engine, fire truck (siren)","Fire engine, fire truck (siren)",,unmapped,unresolved,No semantically equivalent AKG entity is established by the frozen rules; the class keeps its original CLAP score.,no_KG_expansion_keep_CLAP_score,0,
audioset,Motorcycle,Motorcycle,motorcycle,accepted,exact_normalized,Lowercase/punctuation/underscore normalization gives an exact AKG entity label; the acoustic concept is unchanged.,use_mapped_AKG_entity,0,
audioset,"Traffic noise, roadway noise","Traffic noise, roadway noise",,unmapped,unresolved,No semantically equivalent AKG entity is established by the frozen rules; the class keeps its original CLAP score.,no_KG_expansion_keep_CLAP_score,0,
audioset,Rail transport,Rail transport,rail transport,accepted,exact_normalized,Lowercase/punctuation/underscore normalization gives an exact AKG entity label; the acoustic concept is unchanged.,use_mapped_AKG_entity,0,
audioset,Train,Train,train,accepted,exact_normalized,Lowercase/punctuation/underscore normalization gives an exact AKG entity label; the acoustic concept is unchanged.,use_mapped_AKG_entity,0,
audioset,Train whistle,Train whistle,train whistle,accepted,exact_normalized,Lowercase/punctuation/underscore normalization gives an exact AKG entity label; the acoustic concept is unchanged.,use_mapped_AKG_entity,0,
audioset,Train horn,Train horn,train horn,accepted,exact_normalized,Lowercase/punctuation/underscore normalization gives an exact AKG entity label; the acoustic concept is unchanged.,use_mapped_AKG_entity,0,
audioset,"Railroad car, train wagon","Railroad car, train wagon",railroad car or train wagon,accepted,unique_token_signature,"After fixed token normalization, exactly one AKG entity has the same content-token signature; no first/last-word fallback is used.",use_mapped_AKG_entity,1,railroad car or train wagon
audioset,Train wheels squealing,Train wheels squealing,train wheels squealing,accepted,exact_normalized,Lowercase/punctuation/underscore normalization gives an exact AKG entity label; the acoustic concept is unchanged.,use_mapped_AKG_entity,0,
audioset,"Subway, metro, underground","Subway, metro, underground",,unmapped,unresolved,No semantically equivalent AKG entity is established by the frozen rules; the class keeps its original CLAP score.,no_KG_expansion_keep_CLAP_score,0,
audioset,Aircraft,Aircraft,aircraft,accepted,exact_normalized,Lowercase/punctuation/underscore normalization gives an exact AKG entity label; the acoustic concept is unchanged.,use_mapped_AKG_entity,0,
audioset,Aircraft engine,Aircraft engine,aircraft engine,accepted,exact_normalized,Lowercase/punctuation/underscore normalization gives an exact AKG entity label; the acoustic concept is unchanged.,use_mapped_AKG_entity,0,
audioset,Jet engine,Jet engine,jet engine,accepted,exact_normalized,Lowercase/punctuation/underscore normalization gives an exact AKG entity label; the acoustic concept is unchanged.,use_mapped_AKG_entity,0,
audioset,"Propeller, airscrew","Propeller, airscrew",propeller airscrew,accepted,unique_token_signature,"After fixed token normalization, exactly one AKG entity has the same content-token signature; no first/last-word fallback is used.",use_mapped_AKG_entity,1,propeller airscrew
audioset,Helicopter,Helicopter,helicopter,accepted,exact_normalized,Lowercase/punctuation/underscore normalization gives an exact AKG entity label; the acoustic concept is unchanged.,use_mapped_AKG_entity,0,
audioset,"Fixed-wing aircraft, airplane","Fixed-wing aircraft, airplane",,unmapped,unresolved,No semantically equivalent AKG entity is established by the frozen rules; the class keeps its original CLAP score.,no_KG_expansion_keep_CLAP_score,0,
audioset,Bicycle,Bicycle,bicycle,accepted,exact_normalized,Lowercase/punctuation/underscore normalization gives an exact AKG entity label; the acoustic concept is unchanged.,use_mapped_AKG_entity,0,
audioset,Skateboard,Skateboard,skateboard,accepted,exact_normalized,Lowercase/punctuation/underscore normalization gives an exact AKG entity label; the acoustic concept is unchanged.,use_mapped_AKG_entity,0,
audioset,Engine,Engine,engine,accepted,exact_normalized,Lowercase/punctuation/underscore normalization gives an exact AKG entity label; the acoustic concept is unchanged.,use_mapped_AKG_entity,0,
audioset,Light engine (high frequency),Light engine (high frequency),light engine (high frequency),accepted,exact_normalized,Lowercase/punctuation/underscore normalization gives an exact AKG entity label; the acoustic concept is unchanged.,use_mapped_AKG_entity,0,
audioset,"Dental drill, dentist's drill","Dental drill, dentist's drill",,unmapped,unresolved,No semantically equivalent AKG entity is established by the frozen rules; the class keeps its original CLAP score.,no_KG_expansion_keep_CLAP_score,0,
audioset,Lawn mower,Lawn mower,lawn mower,accepted,exact_normalized,Lowercase/punctuation/underscore normalization gives an exact AKG entity label; the acoustic concept is unchanged.,use_mapped_AKG_entity,0,
audioset,Chainsaw,Chainsaw,chainsaw,accepted,exact_normalized,Lowercase/punctuation/underscore normalization gives an exact AKG entity label; the acoustic concept is unchanged.,use_mapped_AKG_entity,0,
audioset,Medium engine (mid frequency),Medium engine (mid frequency),medium engine (mid frequency),accepted,exact_normalized,Lowercase/punctuation/underscore normalization gives an exact AKG entity label; the acoustic concept is unchanged.,use_mapped_AKG_entity,0,
audioset,Heavy engine (low frequency),Heavy engine (low frequency),heavy engine (low frequency),accepted,exact_normalized,Lowercase/punctuation/underscore normalization gives an exact AKG entity label; the acoustic concept is unchanged.,use_mapped_AKG_entity,0,
audioset,Engine knocking,Engine knocking,engine knocking,accepted,exact_normalized,Lowercase/punctuation/underscore normalization gives an exact AKG entity label; the acoustic concept is unchanged.,use_mapped_AKG_entity,0,
audioset,Engine starting,Engine starting,engine starting,accepted,exact_normalized,Lowercase/punctuation/underscore normalization gives an exact AKG entity label; the acoustic concept is unchanged.,use_mapped_AKG_entity,0,
audioset,Idling,Idling,,unmapped,unresolved,No semantically equivalent AKG entity is established by the frozen rules; the class keeps its original CLAP score.,no_KG_expansion_keep_CLAP_score,0,
audioset,"Accelerating, revving, vroom","Accelerating, revving, vroom",,unmapped,unresolved,No semantically equivalent AKG entity is established by the frozen rules; the class keeps its original CLAP score.,no_KG_expansion_keep_CLAP_score,0,
audioset,Door,Door,door,accepted,exact_normalized,Lowercase/punctuation/underscore normalization gives an exact AKG entity label; the acoustic concept is unchanged.,use_mapped_AKG_entity,0,
audioset,Doorbell,Doorbell,doorbell,accepted,exact_normalized,Lowercase/punctuation/underscore normalization gives an exact AKG entity label; the acoustic concept is unchanged.,use_mapped_AKG_entity,0,
audioset,Ding-dong,Ding-dong,ding-dong,accepted,exact_normalized,Lowercase/punctuation/underscore normalization gives an exact AKG entity label; the acoustic concept is unchanged.,use_mapped_AKG_entity,0,
audioset,Sliding door,Sliding door,sliding door,accepted,exact_normalized,Lowercase/punctuation/underscore normalization gives an exact AKG entity label; the acoustic concept is unchanged.,use_mapped_AKG_entity,0,
audioset,Slam,Slam,slam,accepted,exact_normalized,Lowercase/punctuation/underscore normalization gives an exact AKG entity label; the acoustic concept is unchanged.,use_mapped_AKG_entity,0,
audioset,Knock,Knock,knock,accepted,exact_normalized,Lowercase/punctuation/underscore normalization gives an exact AKG entity label; the acoustic concept is unchanged.,use_mapped_AKG_entity,0,
audioset,Tap,Tap,tap,accepted,exact_normalized,Lowercase/punctuation/underscore normalization gives an exact AKG entity label; the acoustic concept is unchanged.,use_mapped_AKG_entity,0,
audioset,Squeak,Squeak,squeak,accepted,exact_normalized,Lowercase/punctuation/underscore normalization gives an exact AKG entity label; the acoustic concept is unchanged.,use_mapped_AKG_entity,0,
audioset,Cupboard open or close,Cupboard open or close,cupboard open or close,accepted,exact_normalized,Lowercase/punctuation/underscore normalization gives an exact AKG entity label; the acoustic concept is unchanged.,use_mapped_AKG_entity,0,
audioset,Drawer open or close,Drawer open or close,drawer open or close,accepted,exact_normalized,Lowercase/punctuation/underscore normalization gives an exact AKG entity label; the acoustic concept is unchanged.,use_mapped_AKG_entity,0,
audioset,"Dishes, pots, and pans","Dishes, pots, and pans",dishes or pots or pans,accepted,unique_token_signature,"After fixed token normalization, exactly one AKG entity has the same content-token signature; no first/last-word fallback is used.",use_mapped_AKG_entity,1,dishes or pots or pans
audioset,"Cutlery, silverware","Cutlery, silverware",cutlery or silverware,accepted,unique_token_signature,"After fixed token normalization, exactly one AKG entity has the same content-token signature; no first/last-word fallback is used.",use_mapped_AKG_entity,1,cutlery or silverware
audioset,Chopping (food),Chopping (food),chopping,accepted,unique_token_signature,"After fixed token normalization, exactly one AKG entity has the same content-token signature; no first/last-word fallback is used.",use_mapped_AKG_entity,1,chopping
audioset,Frying (food),Frying (food),frying,accepted,unique_token_signature,"After fixed token normalization, exactly one AKG entity has the same content-token signature; no first/last-word fallback is used.",use_mapped_AKG_entity,1,frying
audioset,Microwave oven,Microwave oven,microwave oven,accepted,exact_normalized,Lowercase/punctuation/underscore normalization gives an exact AKG entity label; the acoustic concept is unchanged.,use_mapped_AKG_entity,0,
audioset,Blender,Blender,blender,accepted,exact_normalized,Lowercase/punctuation/underscore normalization gives an exact AKG entity label; the acoustic concept is unchanged.,use_mapped_AKG_entity,0,
audioset,"Water tap, faucet","Water tap, faucet",water tap or faucet,accepted,unique_token_signature,"After fixed token normalization, exactly one AKG entity has the same content-token signature; no first/last-word fallback is used.",use_mapped_AKG_entity,1,water tap or faucet
audioset,Sink (filling or washing),Sink (filling or washing),sink (filling or washing),accepted,exact_normalized,Lowercase/punctuation/underscore normalization gives an exact AKG entity label; the acoustic concept is unchanged.,use_mapped_AKG_entity,0,
audioset,Bathtub (filling or washing),Bathtub (filling or washing),bathtub (filling or washing),accepted,exact_normalized,Lowercase/punctuation/underscore normalization gives an exact AKG entity label; the acoustic concept is unchanged.,use_mapped_AKG_entity,0,
audioset,Hair dryer,Hair dryer,hair dryer,accepted,exact_normalized,Lowercase/punctuation/underscore normalization gives an exact AKG entity label; the acoustic concept is unchanged.,use_mapped_AKG_entity,0,
audioset,Toilet flush,Toilet flush,toilet flush,accepted,exact_normalized,Lowercase/punctuation/underscore normalization gives an exact AKG entity label; the acoustic concept is unchanged.,use_mapped_AKG_entity,0,
audioset,Toothbrush,Toothbrush,toothbrush,accepted,exact_normalized,Lowercase/punctuation/underscore normalization gives an exact AKG entity label; the acoustic concept is unchanged.,use_mapped_AKG_entity,0,
audioset,Electric toothbrush,Electric toothbrush,electric toothbrush,accepted,exact_normalized,Lowercase/punctuation/underscore normalization gives an exact AKG entity label; the acoustic concept is unchanged.,use_mapped_AKG_entity,0,
audioset,Vacuum cleaner,Vacuum cleaner,vacuum cleaner,accepted,exact_normalized,Lowercase/punctuation/underscore normalization gives an exact AKG entity label; the acoustic concept is unchanged.,use_mapped_AKG_entity,0,
audioset,Zipper (clothing),Zipper (clothing),zipper (clothing),accepted,exact_normalized,Lowercase/punctuation/underscore normalization gives an exact AKG entity label; the acoustic concept is unchanged.,use_mapped_AKG_entity,0,
audioset,Keys jangling,Keys jangling,keys jangling,accepted,exact_normalized,Lowercase/punctuation/underscore normalization gives an exact AKG entity label; the acoustic concept is unchanged.,use_mapped_AKG_entity,0,
audioset,Coin (dropping),Coin (dropping),coin,accepted,unique_token_signature,"After fixed token normalization, exactly one AKG entity has the same content-token signature; no first/last-word fallback is used.",use_mapped_AKG_entity,1,coin
audioset,Scissors,Scissors,scissors,accepted,exact_normalized,Lowercase/punctuation/underscore normalization gives an exact AKG entity label; the acoustic concept is unchanged.,use_mapped_AKG_entity,0,
audioset,"Electric shaver, electric razor","Electric shaver, electric razor",,unmapped,unresolved,No semantically equivalent AKG entity is established by the frozen rules; the class keeps its original CLAP score.,no_KG_expansion_keep_CLAP_score,0,
audioset,Shuffling cards,Shuffling cards,shuffling cards,accepted,exact_normalized,Lowercase/punctuation/underscore normalization gives an exact AKG entity label; the acoustic concept is unchanged.,use_mapped_AKG_entity,0,
audioset,Typing,Typing,typing,accepted,exact_normalized,Lowercase/punctuation/underscore normalization gives an exact AKG entity label; the acoustic concept is unchanged.,use_mapped_AKG_entity,0,
audioset,Typewriter,Typewriter,typewriter,accepted,exact_normalized,Lowercase/punctuation/underscore normalization gives an exact AKG entity label; the acoustic concept is unchanged.,use_mapped_AKG_entity,0,
audioset,Computer keyboard,Computer keyboard,computer keyboard,accepted,exact_normalized,Lowercase/punctuation/underscore normalization gives an exact AKG entity label; the acoustic concept is unchanged.,use_mapped_AKG_entity,0,
audioset,Writing,Writing,writing,accepted,exact_normalized,Lowercase/punctuation/underscore normalization gives an exact AKG entity label; the acoustic concept is unchanged.,use_mapped_AKG_entity,0,
audioset,Alarm,Alarm,alarm,accepted,exact_normalized,Lowercase/punctuation/underscore normalization gives an exact AKG entity label; the acoustic concept is unchanged.,use_mapped_AKG_entity,0,
audioset,Telephone,Telephone,telephone,accepted,exact_normalized,Lowercase/punctuation/underscore normalization gives an exact AKG entity label; the acoustic concept is unchanged.,use_mapped_AKG_entity,0,
audioset,Telephone bell ringing,Telephone bell ringing,,unmapped,unresolved,No semantically equivalent AKG entity is established by the frozen rules; the class keeps its original CLAP score.,no_KG_expansion_keep_CLAP_score,0,
audioset,Ringtone,Ringtone,ringtone,accepted,exact_normalized,Lowercase/punctuation/underscore normalization gives an exact AKG entity label; the acoustic concept is unchanged.,use_mapped_AKG_entity,0,
audioset,"Telephone dialing, DTMF","Telephone dialing, DTMF",,unmapped,unresolved,No semantically equivalent AKG entity is established by the frozen rules; the class keeps its original CLAP score.,no_KG_expansion_keep_CLAP_score,0,
audioset,Dial tone,Dial tone,dial tone,accepted,exact_normalized,Lowercase/punctuation/underscore normalization gives an exact AKG entity label; the acoustic concept is unchanged.,use_mapped_AKG_entity,0,
audioset,Busy signal,Busy signal,,unmapped,unresolved,No semantically equivalent AKG entity is established by the frozen rules; the class keeps its original CLAP score.,no_KG_expansion_keep_CLAP_score,0,
audioset,Alarm clock,Alarm clock,alarm clock,accepted,exact_normalized,Lowercase/punctuation/underscore normalization gives an exact AKG entity label; the acoustic concept is unchanged.,use_mapped_AKG_entity,0,
audioset,Siren,Siren,siren,accepted,exact_normalized,Lowercase/punctuation/underscore normalization gives an exact AKG entity label; the acoustic concept is unchanged.,use_mapped_AKG_entity,0,
audioset,Civil defense siren,Civil defense siren,,unmapped,unresolved,No semantically equivalent AKG entity is established by the frozen rules; the class keeps its original CLAP score.,no_KG_expansion_keep_CLAP_score,0,
audioset,Buzzer,Buzzer,,unmapped,unresolved,No semantically equivalent AKG entity is established by the frozen rules; the class keeps its original CLAP score.,no_KG_expansion_keep_CLAP_score,0,
audioset,"Smoke detector, smoke alarm","Smoke detector, smoke alarm",smoke detector alarm,accepted,unique_token_signature,"After fixed token normalization, exactly one AKG entity has the same content-token signature; no first/last-word fallback is used.",use_mapped_AKG_entity,1,smoke detector alarm
audioset,Fire alarm,Fire alarm,fire alarm,accepted,exact_normalized,Lowercase/punctuation/underscore normalization gives an exact AKG entity label; the acoustic concept is unchanged.,use_mapped_AKG_entity,0,
audioset,Foghorn,Foghorn,,unmapped,unresolved,No semantically equivalent AKG entity is established by the frozen rules; the class keeps its original CLAP score.,no_KG_expansion_keep_CLAP_score,0,
audioset,Whistle,Whistle,whistle,accepted,exact_normalized,Lowercase/punctuation/underscore normalization gives an exact AKG entity label; the acoustic concept is unchanged.,use_mapped_AKG_entity,0,
audioset,Steam whistle,Steam whistle,steam whistle,accepted,exact_normalized,Lowercase/punctuation/underscore normalization gives an exact AKG entity label; the acoustic concept is unchanged.,use_mapped_AKG_entity,0,
audioset,Mechanisms,Mechanisms,mechanisms,accepted,exact_normalized,Lowercase/punctuation/underscore normalization gives an exact AKG entity label; the acoustic concept is unchanged.,use_mapped_AKG_entity,0,
audioset,"Ratchet, pawl","Ratchet, pawl",ratchet or pawl,accepted,unique_token_signature,"After fixed token normalization, exactly one AKG entity has the same content-token signature; no first/last-word fallback is used.",use_mapped_AKG_entity,1,ratchet or pawl
audioset,Clock,Clock,clock,accepted,exact_normalized,Lowercase/punctuation/underscore normalization gives an exact AKG entity label; the acoustic concept is unchanged.,use_mapped_AKG_entity,0,
audioset,Tick,Tick,,unmapped,unresolved,No semantically equivalent AKG entity is established by the frozen rules; the class keeps its original CLAP score.,no_KG_expansion_keep_CLAP_score,0,
audioset,Tick-tock,Tick-tock,tick-tock,accepted,exact_normalized,Lowercase/punctuation/underscore normalization gives an exact AKG entity label; the acoustic concept is unchanged.,use_mapped_AKG_entity,0,
audioset,Gears,Gears,gear,accepted,unique_token_signature,"After fixed token normalization, exactly one AKG entity has the same content-token signature; no first/last-word fallback is used.",use_mapped_AKG_entity,1,gear
audioset,Pulleys,Pulleys,pulleys,accepted,exact_normalized,Lowercase/punctuation/underscore normalization gives an exact AKG entity label; the acoustic concept is unchanged.,use_mapped_AKG_entity,0,
audioset,Sewing machine,Sewing machine,sewing machine,accepted,exact_normalized,Lowercase/punctuation/underscore normalization gives an exact AKG entity label; the acoustic concept is unchanged.,use_mapped_AKG_entity,0,
audioset,Mechanical fan,Mechanical fan,mechanical fan,accepted,exact_normalized,Lowercase/punctuation/underscore normalization gives an exact AKG entity label; the acoustic concept is unchanged.,use_mapped_AKG_entity,0,
audioset,Air conditioning,Air conditioning,air conditioning,accepted,exact_normalized,Lowercase/punctuation/underscore normalization gives an exact AKG entity label; the acoustic concept is unchanged.,use_mapped_AKG_entity,0,
audioset,Cash register,Cash register,cash register,accepted,exact_normalized,Lowercase/punctuation/underscore normalization gives an exact AKG entity label; the acoustic concept is unchanged.,use_mapped_AKG_entity,0,
audioset,Printer,Printer,printer,accepted,exact_normalized,Lowercase/punctuation/underscore normalization gives an exact AKG entity label; the acoustic concept is unchanged.,use_mapped_AKG_entity,0,
audioset,Camera,Camera,camera,accepted,exact_normalized,Lowercase/punctuation/underscore normalization gives an exact AKG entity label; the acoustic concept is unchanged.,use_mapped_AKG_entity,0,
audioset,Single-lens reflex camera,Single-lens reflex camera,single-lens reflex camera,accepted,exact_normalized,Lowercase/punctuation/underscore normalization gives an exact AKG entity label; the acoustic concept is unchanged.,use_mapped_AKG_entity,0,
audioset,Tools,Tools,tools,accepted,exact_normalized,Lowercase/punctuation/underscore normalization gives an exact AKG entity label; the acoustic concept is unchanged.,use_mapped_AKG_entity,0,
audioset,Hammer,Hammer,hammer,accepted,exact_normalized,Lowercase/punctuation/underscore normalization gives an exact AKG entity label; the acoustic concept is unchanged.,use_mapped_AKG_entity,0,
audioset,Jackhammer,Jackhammer,jackhammer,accepted,exact_normalized,Lowercase/punctuation/underscore normalization gives an exact AKG entity label; the acoustic concept is unchanged.,use_mapped_AKG_entity,0,
audioset,Sawing,Sawing,sawing,accepted,exact_normalized,Lowercase/punctuation/underscore normalization gives an exact AKG entity label; the acoustic concept is unchanged.,use_mapped_AKG_entity,0,
audioset,Filing (rasp),Filing (rasp),filing (rasp),accepted,exact_normalized,Lowercase/punctuation/underscore normalization gives an exact AKG entity label; the acoustic concept is unchanged.,use_mapped_AKG_entity,0,
audioset,Sanding,Sanding,sanding,accepted,exact_normalized,Lowercase/punctuation/underscore normalization gives an exact AKG entity label; the acoustic concept is unchanged.,use_mapped_AKG_entity,0,
audioset,Power tool,Power tool,power tool,accepted,exact_normalized,Lowercase/punctuation/underscore normalization gives an exact AKG entity label; the acoustic concept is unchanged.,use_mapped_AKG_entity,0,
audioset,Drill,Drill,,unmapped,unresolved,No semantically equivalent AKG entity is established by the frozen rules; the class keeps its original CLAP score.,no_KG_expansion_keep_CLAP_score,0,
audioset,Explosion,Explosion,explosion,accepted,exact_normalized,Lowercase/punctuation/underscore normalization gives an exact AKG entity label; the acoustic concept is unchanged.,use_mapped_AKG_entity,0,
audioset,"Gunshot, gunfire","Gunshot, gunfire",,unmapped,unresolved,No semantically equivalent AKG entity is established by the frozen rules; the class keeps its original CLAP score.,no_KG_expansion_keep_CLAP_score,0,
audioset,Machine gun,Machine gun,machine gun,accepted,exact_normalized,Lowercase/punctuation/underscore normalization gives an exact AKG entity label; the acoustic concept is unchanged.,use_mapped_AKG_entity,0,
audioset,Fusillade,Fusillade,fusillade,accepted,exact_normalized,Lowercase/punctuation/underscore normalization gives an exact AKG entity label; the acoustic concept is unchanged.,use_mapped_AKG_entity,0,
audioset,Artillery fire,Artillery fire,artillery fire,accepted,exact_normalized,Lowercase/punctuation/underscore normalization gives an exact AKG entity label; the acoustic concept is unchanged.,use_mapped_AKG_entity,0,
audioset,Cap gun,Cap gun,cap gun,accepted,exact_normalized,Lowercase/punctuation/underscore normalization gives an exact AKG entity label; the acoustic concept is unchanged.,use_mapped_AKG_entity,0,
audioset,Fireworks,Fireworks,fireworks,accepted,exact_normalized,Lowercase/punctuation/underscore normalization gives an exact AKG entity label; the acoustic concept is unchanged.,use_mapped_AKG_entity,0,
audioset,Firecracker,Firecracker,firecracker,accepted,exact_normalized,Lowercase/punctuation/underscore normalization gives an exact AKG entity label; the acoustic concept is unchanged.,use_mapped_AKG_entity,0,
audioset,"Burst, pop","Burst, pop",burst or pop,accepted,unique_token_signature,"After fixed token normalization, exactly one AKG entity has the same content-token signature; no first/last-word fallback is used.",use_mapped_AKG_entity,1,burst or pop
audioset,Eruption,Eruption,eruption,accepted,exact_normalized,Lowercase/punctuation/underscore normalization gives an exact AKG entity label; the acoustic concept is unchanged.,use_mapped_AKG_entity,0,
audioset,Boom,Boom,boom,accepted,exact_normalized,Lowercase/punctuation/underscore normalization gives an exact AKG entity label; the acoustic concept is unchanged.,use_mapped_AKG_entity,0,
audioset,Wood,Wood,wood,accepted,exact_normalized,Lowercase/punctuation/underscore normalization gives an exact AKG entity label; the acoustic concept is unchanged.,use_mapped_AKG_entity,0,
audioset,Chop,Chop,,unmapped,unresolved,No semantically equivalent AKG entity is established by the frozen rules; the class keeps its original CLAP score.,no_KG_expansion_keep_CLAP_score,0,
audioset,Splinter,Splinter,,unmapped,unresolved,No semantically equivalent AKG entity is established by the frozen rules; the class keeps its original CLAP score.,no_KG_expansion_keep_CLAP_score,0,
audioset,Crack,Crack,crack,accepted,exact_normalized,Lowercase/punctuation/underscore normalization gives an exact AKG entity label; the acoustic concept is unchanged.,use_mapped_AKG_entity,0,
audioset,Glass,Glass,glass,accepted,exact_normalized,Lowercase/punctuation/underscore normalization gives an exact AKG entity label; the acoustic concept is unchanged.,use_mapped_AKG_entity,0,
audioset,"Chink, clink","Chink, clink",,unmapped,unresolved,No semantically equivalent AKG entity is established by the frozen rules; the class keeps its original CLAP score.,no_KG_expansion_keep_CLAP_score,0,
audioset,Shatter,Shatter,,unmapped,unresolved,No semantically equivalent AKG entity is established by the frozen rules; the class keeps its original CLAP score.,no_KG_expansion_keep_CLAP_score,0,
audioset,Liquid,Liquid,liquid,accepted,exact_normalized,Lowercase/punctuation/underscore normalization gives an exact AKG entity label; the acoustic concept is unchanged.,use_mapped_AKG_entity,0,
audioset,"Splash, splatter","Splash, splatter",,unmapped,unresolved,No semantically equivalent AKG entity is established by the frozen rules; the class keeps its original CLAP score.,no_KG_expansion_keep_CLAP_score,0,
audioset,Slosh,Slosh,slosh,accepted,exact_normalized,Lowercase/punctuation/underscore normalization gives an exact AKG entity label; the acoustic concept is unchanged.,use_mapped_AKG_entity,0,
audioset,Squish,Squish,squish,accepted,exact_normalized,Lowercase/punctuation/underscore normalization gives an exact AKG entity label; the acoustic concept is unchanged.,use_mapped_AKG_entity,0,
audioset,Drip,Drip,drip-drip,accepted,unique_token_signature,"After fixed token normalization, exactly one AKG entity has the same content-token signature; no first/last-word fallback is used.",use_mapped_AKG_entity,1,drip-drip
audioset,Pour,Pour,,unmapped,unresolved,No semantically equivalent AKG entity is established by the frozen rules; the class keeps its original CLAP score.,no_KG_expansion_keep_CLAP_score,0,
audioset,"Trickle, dribble","Trickle, dribble",trickle dribble,accepted,unique_token_signature,"After fixed token normalization, exactly one AKG entity has the same content-token signature; no first/last-word fallback is used.",use_mapped_AKG_entity,1,trickle dribble
audioset,Gush,Gush,gush,accepted,exact_normalized,Lowercase/punctuation/underscore normalization gives an exact AKG entity label; the acoustic concept is unchanged.,use_mapped_AKG_entity,0,
audioset,Fill (with liquid),Fill (with liquid),fill (with liquid),accepted,exact_normalized,Lowercase/punctuation/underscore normalization gives an exact AKG entity label; the acoustic concept is unchanged.,use_mapped_AKG_entity,0,
audioset,Spray,Spray,spray,accepted,exact_normalized,Lowercase/punctuation/underscore normalization gives an exact AKG entity label; the acoustic concept is unchanged.,use_mapped_AKG_entity,0,
audioset,Pump (liquid),Pump (liquid),pump (liquid),accepted,exact_normalized,Lowercase/punctuation/underscore normalization gives an exact AKG entity label; the acoustic concept is unchanged.,use_mapped_AKG_entity,0,
audioset,Stir,Stir,stir,accepted,exact_normalized,Lowercase/punctuation/underscore normalization gives an exact AKG entity label; the acoustic concept is unchanged.,use_mapped_AKG_entity,0,
audioset,Boiling,Boiling,,unmapped,unresolved,No semantically equivalent AKG entity is established by the frozen rules; the class keeps its original CLAP score.,no_KG_expansion_keep_CLAP_score,0,
audioset,Sonar,Sonar,sonar,accepted,exact_normalized,Lowercase/punctuation/underscore normalization gives an exact AKG entity label; the acoustic concept is unchanged.,use_mapped_AKG_entity,0,
audioset,Arrow,Arrow,arrow,accepted,exact_normalized,Lowercase/punctuation/underscore normalization gives an exact AKG entity label; the acoustic concept is unchanged.,use_mapped_AKG_entity,0,
audioset,"Whoosh, swoosh, swish","Whoosh, swoosh, swish",whoosh swoosh swish,accepted,unique_token_signature,"After fixed token normalization, exactly one AKG entity has the same content-token signature; no first/last-word fallback is used.",use_mapped_AKG_entity,1,whoosh swoosh swish
audioset,"Thump, thud","Thump, thud",thump or thud,accepted,unique_token_signature,"After fixed token normalization, exactly one AKG entity has the same content-token signature; no first/last-word fallback is used.",use_mapped_AKG_entity,1,thump or thud
audioset,Thunk,Thunk,thunk,accepted,exact_normalized,Lowercase/punctuation/underscore normalization gives an exact AKG entity label; the acoustic concept is unchanged.,use_mapped_AKG_entity,0,
audioset,Electronic tuner,Electronic tuner,electronic tuner,accepted,exact_normalized,Lowercase/punctuation/underscore normalization gives an exact AKG entity label; the acoustic concept is unchanged.,use_mapped_AKG_entity,0,
audioset,Effects unit,Effects unit,,unmapped,unresolved,No semantically equivalent AKG entity is established by the frozen rules; the class keeps its original CLAP score.,no_KG_expansion_keep_CLAP_score,0,
audioset,Chorus effect,Chorus effect,chorus effect,accepted,exact_normalized,Lowercase/punctuation/underscore normalization gives an exact AKG entity label; the acoustic concept is unchanged.,use_mapped_AKG_entity,0,
audioset,Basketball bounce,Basketball bounce,basketball bounce,accepted,exact_normalized,Lowercase/punctuation/underscore normalization gives an exact AKG entity label; the acoustic concept is unchanged.,use_mapped_AKG_entity,0,
audioset,Bang,Bang,bang,accepted,exact_normalized,Lowercase/punctuation/underscore normalization gives an exact AKG entity label; the acoustic concept is unchanged.,use_mapped_AKG_entity,0,
audioset,"Slap, smack","Slap, smack",slap or smack,accepted,unique_token_signature,"After fixed token normalization, exactly one AKG entity has the same content-token signature; no first/last-word fallback is used.",use_mapped_AKG_entity,1,slap or smack
audioset,"Whack, thwack","Whack, thwack",whack or thwack,accepted,unique_token_signature,"After fixed token normalization, exactly one AKG entity has the same content-token signature; no first/last-word fallback is used.",use_mapped_AKG_entity,1,whack or thwack
audioset,"Smash, crash","Smash, crash",smash or crash,accepted,unique_token_signature,"After fixed token normalization, exactly one AKG entity has the same content-token signature; no first/last-word fallback is used.",use_mapped_AKG_entity,1,smash or crash
audioset,Breaking,Breaking,breaking,accepted,exact_normalized,Lowercase/punctuation/underscore normalization gives an exact AKG entity label; the acoustic concept is unchanged.,use_mapped_AKG_entity,0,
audioset,Bouncing,Bouncing,bouncing,accepted,exact_normalized,Lowercase/punctuation/underscore normalization gives an exact AKG entity label; the acoustic concept is unchanged.,use_mapped_AKG_entity,0,
audioset,Whip,Whip,whip,accepted,exact_normalized,Lowercase/punctuation/underscore normalization gives an exact AKG entity label; the acoustic concept is unchanged.,use_mapped_AKG_entity,0,
audioset,Flap,Flap,flap,accepted,exact_normalized,Lowercase/punctuation/underscore normalization gives an exact AKG entity label; the acoustic concept is unchanged.,use_mapped_AKG_entity,0,
audioset,Scratch,Scratch,scratch,accepted,exact_normalized,Lowercase/punctuation/underscore normalization gives an exact AKG entity label; the acoustic concept is unchanged.,use_mapped_AKG_entity,0,
audioset,Scrape,Scrape,scrape,accepted,exact_normalized,Lowercase/punctuation/underscore normalization gives an exact AKG entity label; the acoustic concept is unchanged.,use_mapped_AKG_entity,0,
audioset,Rub,Rub,rub,accepted,exact_normalized,Lowercase/punctuation/underscore normalization gives an exact AKG entity label; the acoustic concept is unchanged.,use_mapped_AKG_entity,0,
audioset,Roll,Roll,roll,accepted,exact_normalized,Lowercase/punctuation/underscore normalization gives an exact AKG entity label; the acoustic concept is unchanged.,use_mapped_AKG_entity,0,
audioset,Crushing,Crushing,crushing,accepted,exact_normalized,Lowercase/punctuation/underscore normalization gives an exact AKG entity label; the acoustic concept is unchanged.,use_mapped_AKG_entity,0,
audioset,"Crumpling, crinkling","Crumpling, crinkling",crumpling or crinkling,accepted,unique_token_signature,"After fixed token normalization, exactly one AKG entity has the same content-token signature; no first/last-word fallback is used.",use_mapped_AKG_entity,1,crumpling or crinkling
audioset,Tearing,Tearing,tearing,accepted,exact_normalized,Lowercase/punctuation/underscore normalization gives an exact AKG entity label; the acoustic concept is unchanged.,use_mapped_AKG_entity,0,
audioset,"Beep, bleep","Beep, bleep",,unmapped,unresolved,No semantically equivalent AKG entity is established by the frozen rules; the class keeps its original CLAP score.,no_KG_expansion_keep_CLAP_score,0,
audioset,Ping,Ping,ping,accepted,exact_normalized,Lowercase/punctuation/underscore normalization gives an exact AKG entity label; the acoustic concept is unchanged.,use_mapped_AKG_entity,0,
audioset,Ding,Ding,ding,accepted,exact_normalized,Lowercase/punctuation/underscore normalization gives an exact AKG entity label; the acoustic concept is unchanged.,use_mapped_AKG_entity,0,
audioset,Clang,Clang,clang,accepted,exact_normalized,Lowercase/punctuation/underscore normalization gives an exact AKG entity label; the acoustic concept is unchanged.,use_mapped_AKG_entity,0,
audioset,Squeal,Squeal,squeal,accepted,exact_normalized,Lowercase/punctuation/underscore normalization gives an exact AKG entity label; the acoustic concept is unchanged.,use_mapped_AKG_entity,0,
audioset,Creak,Creak,creak,accepted,exact_normalized,Lowercase/punctuation/underscore normalization gives an exact AKG entity label; the acoustic concept is unchanged.,use_mapped_AKG_entity,0,
audioset,Rustle,Rustle,rustle,accepted,exact_normalized,Lowercase/punctuation/underscore normalization gives an exact AKG entity label; the acoustic concept is unchanged.,use_mapped_AKG_entity,0,
audioset,Whir,Whir,whir,accepted,exact_normalized,Lowercase/punctuation/underscore normalization gives an exact AKG entity label; the acoustic concept is unchanged.,use_mapped_AKG_entity,0,
audioset,Clatter,Clatter,clatter,accepted,exact_normalized,Lowercase/punctuation/underscore normalization gives an exact AKG entity label; the acoustic concept is unchanged.,use_mapped_AKG_entity,0,
audioset,Sizzle,Sizzle,sizzle,accepted,exact_normalized,Lowercase/punctuation/underscore normalization gives an exact AKG entity label; the acoustic concept is unchanged.,use_mapped_AKG_entity,0,
audioset,Clicking,Clicking,clicking,accepted,exact_normalized,Lowercase/punctuation/underscore normalization gives an exact AKG entity label; the acoustic concept is unchanged.,use_mapped_AKG_entity,0,
audioset,Clickety-clack,Clickety-clack,clickety-clack,accepted,exact_normalized,Lowercase/punctuation/underscore normalization gives an exact AKG entity label; the acoustic concept is unchanged.,use_mapped_AKG_entity,0,
audioset,Rumble,Rumble,rumble,accepted,exact_normalized,Lowercase/punctuation/underscore normalization gives an exact AKG entity label; the acoustic concept is unchanged.,use_mapped_AKG_entity,0,
audioset,Plop,Plop,plop,accepted,exact_normalized,Lowercase/punctuation/underscore normalization gives an exact AKG entity label; the acoustic concept is unchanged.,use_mapped_AKG_entity,0,
audioset,"Jingle, tinkle","Jingle, tinkle",jingle tinkle,accepted,unique_token_signature,"After fixed token normalization, exactly one AKG entity has the same content-token signature; no first/last-word fallback is used.",use_mapped_AKG_entity,1,jingle tinkle
audioset,Hum,Hum,hum,accepted,exact_normalized,Lowercase/punctuation/underscore normalization gives an exact AKG entity label; the acoustic concept is unchanged.,use_mapped_AKG_entity,0,
audioset,Zing,Zing,zing,accepted,exact_normalized,Lowercase/punctuation/underscore normalization gives an exact AKG entity label; the acoustic concept is unchanged.,use_mapped_AKG_entity,0,
audioset,Boing,Boing,boing,accepted,exact_normalized,Lowercase/punctuation/underscore normalization gives an exact AKG entity label; the acoustic concept is unchanged.,use_mapped_AKG_entity,0,
audioset,Crunch,Crunch,crunch,accepted,exact_normalized,Lowercase/punctuation/underscore normalization gives an exact AKG entity label; the acoustic concept is unchanged.,use_mapped_AKG_entity,0,
audioset,Silence,Silence,silence,accepted,exact_normalized,Lowercase/punctuation/underscore normalization gives an exact AKG entity label; the acoustic concept is unchanged.,use_mapped_AKG_entity,0,
audioset,Sine wave,Sine wave,sine wave,accepted,exact_normalized,Lowercase/punctuation/underscore normalization gives an exact AKG entity label; the acoustic concept is unchanged.,use_mapped_AKG_entity,0,
audioset,Harmonic,Harmonic,harmonic,accepted,exact_normalized,Lowercase/punctuation/underscore normalization gives an exact AKG entity label; the acoustic concept is unchanged.,use_mapped_AKG_entity,0,
audioset,Chirp tone,Chirp tone,chirp tone,accepted,exact_normalized,Lowercase/punctuation/underscore normalization gives an exact AKG entity label; the acoustic concept is unchanged.,use_mapped_AKG_entity,0,
audioset,Sound effect,Sound effect,sound effect,accepted,exact_normalized,Lowercase/punctuation/underscore normalization gives an exact AKG entity label; the acoustic concept is unchanged.,use_mapped_AKG_entity,0,
audioset,Pulse,Pulse,pulse,accepted,exact_normalized,Lowercase/punctuation/underscore normalization gives an exact AKG entity label; the acoustic concept is unchanged.,use_mapped_AKG_entity,0,
audioset,"Inside, small room","Inside, small room",,unmapped,unresolved,No semantically equivalent AKG entity is established by the frozen rules; the class keeps its original CLAP score.,no_KG_expansion_keep_CLAP_score,0,
audioset,"Inside, large room or hall","Inside, large room or hall",,unmapped,unresolved,No semantically equivalent AKG entity is established by the frozen rules; the class keeps its original CLAP score.,no_KG_expansion_keep_CLAP_score,0,
audioset,"Inside, public space","Inside, public space",inside public space,accepted,unique_token_signature,"After fixed token normalization, exactly one AKG entity has the same content-token signature; no first/last-word fallback is used.",use_mapped_AKG_entity,1,inside public space
audioset,"Outside, urban or manmade","Outside, urban or manmade",,unmapped,unresolved,No semantically equivalent AKG entity is established by the frozen rules; the class keeps its original CLAP score.,no_KG_expansion_keep_CLAP_score,0,
audioset,"Outside, rural or natural","Outside, rural or natural",,unmapped,unresolved,No semantically equivalent AKG entity is established by the frozen rules; the class keeps its original CLAP score.,no_KG_expansion_keep_CLAP_score,0,
audioset,Reverberation,Reverberation,reverberation,accepted,exact_normalized,Lowercase/punctuation/underscore normalization gives an exact AKG entity label; the acoustic concept is unchanged.,use_mapped_AKG_entity,0,
audioset,Echo,Echo,echo,accepted,exact_normalized,Lowercase/punctuation/underscore normalization gives an exact AKG entity label; the acoustic concept is unchanged.,use_mapped_AKG_entity,0,
audioset,Noise,Noise,noise,accepted,exact_normalized,Lowercase/punctuation/underscore normalization gives an exact AKG entity label; the acoustic concept is unchanged.,use_mapped_AKG_entity,0,
audioset,Environmental noise,Environmental noise,environmental noise,accepted,exact_normalized,Lowercase/punctuation/underscore normalization gives an exact AKG entity label; the acoustic concept is unchanged.,use_mapped_AKG_entity,0,
audioset,Static,Static,,unmapped,unresolved,No semantically equivalent AKG entity is established by the frozen rules; the class keeps its original CLAP score.,no_KG_expansion_keep_CLAP_score,0,
audioset,Mains hum,Mains hum,mains hum,accepted,exact_normalized,Lowercase/punctuation/underscore normalization gives an exact AKG entity label; the acoustic concept is unchanged.,use_mapped_AKG_entity,0,
audioset,Distortion,Distortion,distortion,accepted,exact_normalized,Lowercase/punctuation/underscore normalization gives an exact AKG entity label; the acoustic concept is unchanged.,use_mapped_AKG_entity,0,
audioset,Sidetone,Sidetone,sidetone,accepted,exact_normalized,Lowercase/punctuation/underscore normalization gives an exact AKG entity label; the acoustic concept is unchanged.,use_mapped_AKG_entity,0,
audioset,Cacophony,Cacophony,cacophony,accepted,exact_normalized,Lowercase/punctuation/underscore normalization gives an exact AKG entity label; the acoustic concept is unchanged.,use_mapped_AKG_entity,0,
audioset,White noise,White noise,white noise,accepted,exact_normalized,Lowercase/punctuation/underscore normalization gives an exact AKG entity label; the acoustic concept is unchanged.,use_mapped_AKG_entity,0,
audioset,Pink noise,Pink noise,pink noise,accepted,exact_normalized,Lowercase/punctuation/underscore normalization gives an exact AKG entity label; the acoustic concept is unchanged.,use_mapped_AKG_entity,0,
audioset,Throbbing,Throbbing,throbbing,accepted,exact_normalized,Lowercase/punctuation/underscore normalization gives an exact AKG entity label; the acoustic concept is unchanged.,use_mapped_AKG_entity,0,
audioset,Vibration,Vibration,vibration,accepted,exact_normalized,Lowercase/punctuation/underscore normalization gives an exact AKG entity label; the acoustic concept is unchanged.,use_mapped_AKG_entity,0,
audioset,Television,Television,television,accepted,exact_normalized,Lowercase/punctuation/underscore normalization gives an exact AKG entity label; the acoustic concept is unchanged.,use_mapped_AKG_entity,0,
audioset,Radio,Radio,radio,accepted,exact_normalized,Lowercase/punctuation/underscore normalization gives an exact AKG entity label; the acoustic concept is unchanged.,use_mapped_AKG_entity,0,
audioset,Field recording,Field recording,field recording,accepted,exact_normalized,Lowercase/punctuation/underscore normalization gives an exact AKG entity label; the acoustic concept is unchanged.,use_mapped_AKG_entity,0,
dcase17_t4,ambulance (siren),ambulance (siren),ambulance,accepted_legacy_alias,historical_reproduction_map,A fixed alias already present in the historical reproduction and verified to denote the same sound concept; retained for reproducibility.,use_mapped_AKG_entity,0,
dcase17_t4,bicycle,bicycle,bicycle,accepted,exact_normalized,Lowercase/punctuation/underscore normalization gives an exact AKG entity label; the acoustic concept is unchanged.,use_mapped_AKG_entity,0,
dcase17_t4,bus,bus,bus,accepted,exact_normalized,Lowercase/punctuation/underscore normalization gives an exact AKG entity label; the acoustic concept is unchanged.,use_mapped_AKG_entity,0,
dcase17_t4,car,car,car,accepted,exact_normalized,Lowercase/punctuation/underscore normalization gives an exact AKG entity label; the acoustic concept is unchanged.,use_mapped_AKG_entity,0,
dcase17_t4,car alarm,car alarm,car alarm,accepted,exact_normalized,Lowercase/punctuation/underscore normalization gives an exact AKG entity label; the acoustic concept is unchanged.,use_mapped_AKG_entity,0,
dcase17_t4,car passing by,car passing by,car passing by,accepted,exact_normalized,Lowercase/punctuation/underscore normalization gives an exact AKG entity label; the acoustic concept is unchanged.,use_mapped_AKG_entity,0,
dcase17_t4,civil defense siren,civil defense siren,siren,accepted_legacy_alias,historical_reproduction_map,A fixed alias already present in the historical reproduction and verified to denote the same sound concept; retained for reproducibility.,use_mapped_AKG_entity,0,
dcase17_t4,"fire engine, fire truck (siren)","fire engine, fire truck (siren)",,unmapped,unresolved,No semantically equivalent AKG entity is established by the frozen rules; the class keeps its original CLAP score.,no_KG_expansion_keep_CLAP_score,0,
dcase17_t4,motorcycle,motorcycle,motorcycle,accepted,exact_normalized,Lowercase/punctuation/underscore normalization gives an exact AKG entity label; the acoustic concept is unchanged.,use_mapped_AKG_entity,0,
dcase17_t4,police car (siren),police car (siren),,unmapped,unresolved,No semantically equivalent AKG entity is established by the frozen rules; the class keeps its original CLAP score.,no_KG_expansion_keep_CLAP_score,0,
dcase17_t4,reversing beeps,reversing beeps,,unmapped,unresolved,No semantically equivalent AKG entity is established by the frozen rules; the class keeps its original CLAP score.,no_KG_expansion_keep_CLAP_score,0,
dcase17_t4,screaming,screaming,screaming,accepted,exact_normalized,Lowercase/punctuation/underscore normalization gives an exact AKG entity label; the acoustic concept is unchanged.,use_mapped_AKG_entity,0,
dcase17_t4,skateboard,skateboard,skateboard,accepted,exact_normalized,Lowercase/punctuation/underscore normalization gives an exact AKG entity label; the acoustic concept is unchanged.,use_mapped_AKG_entity,0,
dcase17_t4,train,train,train,accepted,exact_normalized,Lowercase/punctuation/underscore normalization gives an exact AKG entity label; the acoustic concept is unchanged.,use_mapped_AKG_entity,0,
dcase17_t4,train horn,train horn,train horn,accepted,exact_normalized,Lowercase/punctuation/underscore normalization gives an exact AKG entity label; the acoustic concept is unchanged.,use_mapped_AKG_entity,0,
dcase17_t4,truck,truck,truck,accepted,exact_normalized,Lowercase/punctuation/underscore normalization gives an exact AKG entity label; the acoustic concept is unchanged.,use_mapped_AKG_entity,0,
dcase17_t4,"air horn, truck horn","air horn, truck horn",air horn or truck horn,accepted,unique_token_signature,"After fixed token normalization, exactly one AKG entity has the same content-token signature; no first/last-word fallback is used.",use_mapped_AKG_entity,1,air horn or truck horn
esc50,airplane,airplane,airplane,accepted,exact_normalized,Lowercase/punctuation/underscore normalization gives an exact AKG entity label; the acoustic concept is unchanged.,use_mapped_AKG_entity,0,
esc50,breathing,breathing,breathing,accepted,exact_normalized,Lowercase/punctuation/underscore normalization gives an exact AKG entity label; the acoustic concept is unchanged.,use_mapped_AKG_entity,0,
esc50,brushing teeth,brushing teeth,brushing teeth,accepted,exact_normalized,Lowercase/punctuation/underscore normalization gives an exact AKG entity label; the acoustic concept is unchanged.,use_mapped_AKG_entity,0,
esc50,can opening,can opening,can opening,accepted,exact_normalized,Lowercase/punctuation/underscore normalization gives an exact AKG entity label; the acoustic concept is unchanged.,use_mapped_AKG_entity,0,
esc50,car horn,car horn,car horn,accepted,exact_normalized,Lowercase/punctuation/underscore normalization gives an exact AKG entity label; the acoustic concept is unchanged.,use_mapped_AKG_entity,0,
esc50,cat,cat,cat,accepted,exact_normalized,Lowercase/punctuation/underscore normalization gives an exact AKG entity label; the acoustic concept is unchanged.,use_mapped_AKG_entity,0,
esc50,chainsaw,chainsaw,chainsaw,accepted,exact_normalized,Lowercase/punctuation/underscore normalization gives an exact AKG entity label; the acoustic concept is unchanged.,use_mapped_AKG_entity,0,
esc50,chirping birds,chirping birds,chirping birds,accepted,exact_normalized,Lowercase/punctuation/underscore normalization gives an exact AKG entity label; the acoustic concept is unchanged.,use_mapped_AKG_entity,0,
esc50,church bells,church bells,church bells,accepted,exact_normalized,Lowercase/punctuation/underscore normalization gives an exact AKG entity label; the acoustic concept is unchanged.,use_mapped_AKG_entity,0,
esc50,clapping,clapping,clapping,accepted,exact_normalized,Lowercase/punctuation/underscore normalization gives an exact AKG entity label; the acoustic concept is unchanged.,use_mapped_AKG_entity,0,
esc50,clock alarm,clock alarm,clock alarm,accepted,exact_normalized,Lowercase/punctuation/underscore normalization gives an exact AKG entity label; the acoustic concept is unchanged.,use_mapped_AKG_entity,0,
esc50,clock tick,clock tick,clock tick,accepted,exact_normalized,Lowercase/punctuation/underscore normalization gives an exact AKG entity label; the acoustic concept is unchanged.,use_mapped_AKG_entity,0,
esc50,coughing,coughing,coughing,accepted,exact_normalized,Lowercase/punctuation/underscore normalization gives an exact AKG entity label; the acoustic concept is unchanged.,use_mapped_AKG_entity,0,
esc50,cow,cow,cow,accepted,exact_normalized,Lowercase/punctuation/underscore normalization gives an exact AKG entity label; the acoustic concept is unchanged.,use_mapped_AKG_entity,0,
esc50,crackling fire,crackling fire,crackling fire,accepted,exact_normalized,Lowercase/punctuation/underscore normalization gives an exact AKG entity label; the acoustic concept is unchanged.,use_mapped_AKG_entity,0,
esc50,crickets,crickets,crickets,accepted,exact_normalized,Lowercase/punctuation/underscore normalization gives an exact AKG entity label; the acoustic concept is unchanged.,use_mapped_AKG_entity,0,
esc50,crow,crow,crow,accepted,exact_normalized,Lowercase/punctuation/underscore normalization gives an exact AKG entity label; the acoustic concept is unchanged.,use_mapped_AKG_entity,0,
esc50,crying baby,crying baby,baby crying,accepted,unique_token_signature,"After fixed token normalization, exactly one AKG entity has the same content-token signature; no first/last-word fallback is used.",use_mapped_AKG_entity,1,baby crying
esc50,dog,dog,dog,accepted,exact_normalized,Lowercase/punctuation/underscore normalization gives an exact AKG entity label; the acoustic concept is unchanged.,use_mapped_AKG_entity,0,
esc50,door wood creaks,door wood creaks,door wood creak,accepted,unique_token_signature,"After fixed token normalization, exactly one AKG entity has the same content-token signature; no first/last-word fallback is used.",use_mapped_AKG_entity,1,door wood creak
esc50,door wood knock,door wood knock,,unmapped,unresolved,No semantically equivalent AKG entity is established by the frozen rules; the class keeps its original CLAP score.,no_KG_expansion_keep_CLAP_score,0,
esc50,drinking sipping,drinking sipping,drinking or sipping,accepted,unique_token_signature,"After fixed token normalization, exactly one AKG entity has the same content-token signature; no first/last-word fallback is used.",use_mapped_AKG_entity,1,drinking or sipping
esc50,engine,engine,engine,accepted,exact_normalized,Lowercase/punctuation/underscore normalization gives an exact AKG entity label; the acoustic concept is unchanged.,use_mapped_AKG_entity,0,
esc50,fireworks,fireworks,fireworks,accepted,exact_normalized,Lowercase/punctuation/underscore normalization gives an exact AKG entity label; the acoustic concept is unchanged.,use_mapped_AKG_entity,0,
esc50,footsteps,footsteps,footsteps,accepted,exact_normalized,Lowercase/punctuation/underscore normalization gives an exact AKG entity label; the acoustic concept is unchanged.,use_mapped_AKG_entity,0,
esc50,frog,frog,frog,accepted,exact_normalized,Lowercase/punctuation/underscore normalization gives an exact AKG entity label; the acoustic concept is unchanged.,use_mapped_AKG_entity,0,
esc50,glass breaking,glass breaking,,unmapped,unresolved,No semantically equivalent AKG entity is established by the frozen rules; the class keeps its original CLAP score.,no_KG_expansion_keep_CLAP_score,0,
esc50,hand saw,hand saw,hand saw,accepted,exact_normalized,Lowercase/punctuation/underscore normalization gives an exact AKG entity label; the acoustic concept is unchanged.,use_mapped_AKG_entity,0,
esc50,helicopter,helicopter,helicopter,accepted,exact_normalized,Lowercase/punctuation/underscore normalization gives an exact AKG entity label; the acoustic concept is unchanged.,use_mapped_AKG_entity,0,
esc50,hen,hen,hen,accepted,exact_normalized,Lowercase/punctuation/underscore normalization gives an exact AKG entity label; the acoustic concept is unchanged.,use_mapped_AKG_entity,0,
esc50,insects,insects,insects,accepted,exact_normalized,Lowercase/punctuation/underscore normalization gives an exact AKG entity label; the acoustic concept is unchanged.,use_mapped_AKG_entity,0,
esc50,keyboard typing,keyboard typing,keyboard typing,accepted,exact_normalized,Lowercase/punctuation/underscore normalization gives an exact AKG entity label; the acoustic concept is unchanged.,use_mapped_AKG_entity,0,
esc50,laughing,laughing,laughing,accepted,exact_normalized,Lowercase/punctuation/underscore normalization gives an exact AKG entity label; the acoustic concept is unchanged.,use_mapped_AKG_entity,0,
esc50,mouse click,mouse click,mouse click,accepted,exact_normalized,Lowercase/punctuation/underscore normalization gives an exact AKG entity label; the acoustic concept is unchanged.,use_mapped_AKG_entity,0,
esc50,pig,pig,pig,accepted,exact_normalized,Lowercase/punctuation/underscore normalization gives an exact AKG entity label; the acoustic concept is unchanged.,use_mapped_AKG_entity,0,
esc50,pouring water,pouring water,pouring water,accepted,exact_normalized,Lowercase/punctuation/underscore normalization gives an exact AKG entity label; the acoustic concept is unchanged.,use_mapped_AKG_entity,0,
esc50,rain,rain,rain,accepted,exact_normalized,Lowercase/punctuation/underscore normalization gives an exact AKG entity label; the acoustic concept is unchanged.,use_mapped_AKG_entity,0,
esc50,rooster,rooster,rooster,accepted,exact_normalized,Lowercase/punctuation/underscore normalization gives an exact AKG entity label; the acoustic concept is unchanged.,use_mapped_AKG_entity,0,
esc50,sea waves,sea waves,,unmapped,unresolved,No semantically equivalent AKG entity is established by the frozen rules; the class keeps its original CLAP score.,no_KG_expansion_keep_CLAP_score,0,
esc50,sheep,sheep,sheep,accepted,exact_normalized,Lowercase/punctuation/underscore normalization gives an exact AKG entity label; the acoustic concept is unchanged.,use_mapped_AKG_entity,0,
esc50,siren,siren,siren,accepted,exact_normalized,Lowercase/punctuation/underscore normalization gives an exact AKG entity label; the acoustic concept is unchanged.,use_mapped_AKG_entity,0,
esc50,sneezing,sneezing,sneezing,accepted,exact_normalized,Lowercase/punctuation/underscore normalization gives an exact AKG entity label; the acoustic concept is unchanged.,use_mapped_AKG_entity,0,
esc50,snoring,snoring,snoring,accepted,exact_normalized,Lowercase/punctuation/underscore normalization gives an exact AKG entity label; the acoustic concept is unchanged.,use_mapped_AKG_entity,0,
esc50,thunderstorm,thunderstorm,thunderstorm,accepted,exact_normalized,Lowercase/punctuation/underscore normalization gives an exact AKG entity label; the acoustic concept is unchanged.,use_mapped_AKG_entity,0,
esc50,toilet flush,toilet flush,toilet flush,accepted,exact_normalized,Lowercase/punctuation/underscore normalization gives an exact AKG entity label; the acoustic concept is unchanged.,use_mapped_AKG_entity,0,
esc50,train,train,train,accepted,exact_normalized,Lowercase/punctuation/underscore normalization gives an exact AKG entity label; the acoustic concept is unchanged.,use_mapped_AKG_entity,0,
esc50,vacuum cleaner,vacuum cleaner,vacuum cleaner,accepted,exact_normalized,Lowercase/punctuation/underscore normalization gives an exact AKG entity label; the acoustic concept is unchanged.,use_mapped_AKG_entity,0,
esc50,washing machine,washing machine,washing machine,accepted,exact_normalized,Lowercase/punctuation/underscore normalization gives an exact AKG entity label; the acoustic concept is unchanged.,use_mapped_AKG_entity,0,
esc50,water drops,water drops,water drop,accepted,unique_token_signature,"After fixed token normalization, exactly one AKG entity has the same content-token signature; no first/last-word fallback is used.",use_mapped_AKG_entity,1,water drop
esc50,wind,wind,wind,accepted,exact_normalized,Lowercase/punctuation/underscore normalization gives an exact AKG entity label; the acoustic concept is unchanged.,use_mapped_AKG_entity,0,
fsd50k,"Accelerating, revving, vroom",Accelerating and revving and vroom,,unmapped,unresolved,No semantically equivalent AKG entity is established by the frozen rules; the class keeps its original CLAP score.,no_KG_expansion_keep_CLAP_score,0,
fsd50k,Accordion,Accordion,accordion,accepted,exact_normalized,Lowercase/punctuation/underscore normalization gives an exact AKG entity label; the acoustic concept is unchanged.,use_mapped_AKG_entity,0,
fsd50k,Acoustic guitar,Acoustic guitar,acoustic guitar,accepted,exact_normalized,Lowercase/punctuation/underscore normalization gives an exact AKG entity label; the acoustic concept is unchanged.,use_mapped_AKG_entity,0,
fsd50k,Aircraft,Aircraft,aircraft,accepted,exact_normalized,Lowercase/punctuation/underscore normalization gives an exact AKG entity label; the acoustic concept is unchanged.,use_mapped_AKG_entity,0,
fsd50k,Alarm,Alarm,alarm,accepted,exact_normalized,Lowercase/punctuation/underscore normalization gives an exact AKG entity label; the acoustic concept is unchanged.,use_mapped_AKG_entity,0,
fsd50k,Animal,Animal,animal,accepted,exact_normalized,Lowercase/punctuation/underscore normalization gives an exact AKG entity label; the acoustic concept is unchanged.,use_mapped_AKG_entity,0,
fsd50k,Applause,Applause,applause,accepted,exact_normalized,Lowercase/punctuation/underscore normalization gives an exact AKG entity label; the acoustic concept is unchanged.,use_mapped_AKG_entity,0,
fsd50k,Bark,Bark,bark,accepted,exact_normalized,Lowercase/punctuation/underscore normalization gives an exact AKG entity label; the acoustic concept is unchanged.,use_mapped_AKG_entity,0,
fsd50k,Bass drum,Bass drum,bass drum,accepted,exact_normalized,Lowercase/punctuation/underscore normalization gives an exact AKG entity label; the acoustic concept is unchanged.,use_mapped_AKG_entity,0,
fsd50k,Bass guitar,Bass guitar,bass guitar,accepted,exact_normalized,Lowercase/punctuation/underscore normalization gives an exact AKG entity label; the acoustic concept is unchanged.,use_mapped_AKG_entity,0,
fsd50k,Bathtub (filling or washing),Bathtub (filling or washing),bathtub (filling or washing),accepted,exact_normalized,Lowercase/punctuation/underscore normalization gives an exact AKG entity label; the acoustic concept is unchanged.,use_mapped_AKG_entity,0,
fsd50k,Bell,Bell,bell,accepted,exact_normalized,Lowercase/punctuation/underscore normalization gives an exact AKG entity label; the acoustic concept is unchanged.,use_mapped_AKG_entity,0,
fsd50k,Bicycle,Bicycle,bicycle,accepted,exact_normalized,Lowercase/punctuation/underscore normalization gives an exact AKG entity label; the acoustic concept is unchanged.,use_mapped_AKG_entity,0,
fsd50k,Bicycle bell,Bicycle bell,bicycle bell,accepted,exact_normalized,Lowercase/punctuation/underscore normalization gives an exact AKG entity label; the acoustic concept is unchanged.,use_mapped_AKG_entity,0,
fsd50k,Bird,Bird,bird,accepted,exact_normalized,Lowercase/punctuation/underscore normalization gives an exact AKG entity label; the acoustic concept is unchanged.,use_mapped_AKG_entity,0,
fsd50k,"Bird vocalization, bird call, bird song",Bird vocalization and bird call and bird song,bird vocalization call or song,accepted,unique_token_signature,"After fixed token normalization, exactly one AKG entity has the same content-token signature; no first/last-word fallback is used.",use_mapped_AKG_entity,1,bird vocalization call or song
fsd50k,"Boat, Water vehicle",Boat and Water vehicle,,unmapped,unresolved,No semantically equivalent AKG entity is established by the frozen rules; the class keeps its original CLAP score.,no_KG_expansion_keep_CLAP_score,0,
fsd50k,Boiling,Boiling,,unmapped,unresolved,No semantically equivalent AKG entity is established by the frozen rules; the class keeps its original CLAP score.,no_KG_expansion_keep_CLAP_score,0,
fsd50k,Boom,Boom,boom,accepted,exact_normalized,Lowercase/punctuation/underscore normalization gives an exact AKG entity label; the acoustic concept is unchanged.,use_mapped_AKG_entity,0,
fsd50k,Bowed string instrument,Bowed string instrument,bowed string instrument,accepted,exact_normalized,Lowercase/punctuation/underscore normalization gives an exact AKG entity label; the acoustic concept is unchanged.,use_mapped_AKG_entity,0,
fsd50k,Brass instrument,Brass instrument,brass instrument,accepted,exact_normalized,Lowercase/punctuation/underscore normalization gives an exact AKG entity label; the acoustic concept is unchanged.,use_mapped_AKG_entity,0,
fsd50k,Breathing,Breathing,breathing,accepted,exact_normalized,Lowercase/punctuation/underscore normalization gives an exact AKG entity label; the acoustic concept is unchanged.,use_mapped_AKG_entity,0,
fsd50k,"Burping, eructation",Burping and eructation,,unmapped,unresolved,No semantically equivalent AKG entity is established by the frozen rules; the class keeps its original CLAP score.,no_KG_expansion_keep_CLAP_score,0,
fsd50k,Bus,Bus,bus,accepted,exact_normalized,Lowercase/punctuation/underscore normalization gives an exact AKG entity label; the acoustic concept is unchanged.,use_mapped_AKG_entity,0,
fsd50k,Buzz,Buzz,buzz,accepted,exact_normalized,Lowercase/punctuation/underscore normalization gives an exact AKG entity label; the acoustic concept is unchanged.,use_mapped_AKG_entity,0,
fsd50k,Camera,Camera,camera,accepted,exact_normalized,Lowercase/punctuation/underscore normalization gives an exact AKG entity label; the acoustic concept is unchanged.,use_mapped_AKG_entity,0,
fsd50k,Car,Car,car,accepted,exact_normalized,Lowercase/punctuation/underscore normalization gives an exact AKG entity label; the acoustic concept is unchanged.,use_mapped_AKG_entity,0,
fsd50k,Car passing by,Car passing by,car passing by,accepted,exact_normalized,Lowercase/punctuation/underscore normalization gives an exact AKG entity label; the acoustic concept is unchanged.,use_mapped_AKG_entity,0,
fsd50k,Cat,Cat,cat,accepted,exact_normalized,Lowercase/punctuation/underscore normalization gives an exact AKG entity label; the acoustic concept is unchanged.,use_mapped_AKG_entity,0,
fsd50k,Chatter,Chatter,chatter,accepted,exact_normalized,Lowercase/punctuation/underscore normalization gives an exact AKG entity label; the acoustic concept is unchanged.,use_mapped_AKG_entity,0,
fsd50k,Cheering,Cheering,cheering,accepted,exact_normalized,Lowercase/punctuation/underscore normalization gives an exact AKG entity label; the acoustic concept is unchanged.,use_mapped_AKG_entity,0,
fsd50k,"Chewing, mastication",Chewing and mastication,,unmapped,unresolved,No semantically equivalent AKG entity is established by the frozen rules; the class keeps its original CLAP score.,no_KG_expansion_keep_CLAP_score,0,
fsd50k,"Chicken, rooster",Chicken and rooster,chicken or rooster,accepted,unique_token_signature,"After fixed token normalization, exactly one AKG entity has the same content-token signature; no first/last-word fallback is used.",use_mapped_AKG_entity,1,chicken or rooster
fsd50k,"Child speech, kid speaking",Child speech and kid speaking,,unmapped,unresolved,No semantically equivalent AKG entity is established by the frozen rules; the class keeps its original CLAP score.,no_KG_expansion_keep_CLAP_score,0,
fsd50k,Chime,Chime,chime,accepted,exact_normalized,Lowercase/punctuation/underscore normalization gives an exact AKG entity label; the acoustic concept is unchanged.,use_mapped_AKG_entity,0,
fsd50k,"Chink, clink",Chink and clink,,unmapped,unresolved,No semantically equivalent AKG entity is established by the frozen rules; the class keeps its original CLAP score.,no_KG_expansion_keep_CLAP_score,0,
fsd50k,"Chirp, tweet",Chirp and tweet,,unmapped,unresolved,No semantically equivalent AKG entity is established by the frozen rules; the class keeps its original CLAP score.,no_KG_expansion_keep_CLAP_score,0,
fsd50k,"Chuckle, chortle",Chuckle and chortle,,unmapped,unresolved,No semantically equivalent AKG entity is established by the frozen rules; the class keeps its original CLAP score.,no_KG_expansion_keep_CLAP_score,0,
fsd50k,Church bell,Church bell,church bell,accepted,exact_normalized,Lowercase/punctuation/underscore normalization gives an exact AKG entity label; the acoustic concept is unchanged.,use_mapped_AKG_entity,0,
fsd50k,Clapping,Clapping,clapping,accepted,exact_normalized,Lowercase/punctuation/underscore normalization gives an exact AKG entity label; the acoustic concept is unchanged.,use_mapped_AKG_entity,0,
fsd50k,Clock,Clock,clock,accepted,exact_normalized,Lowercase/punctuation/underscore normalization gives an exact AKG entity label; the acoustic concept is unchanged.,use_mapped_AKG_entity,0,
fsd50k,Coin (dropping),Coin (dropping),coin,accepted,unique_token_signature,"After fixed token normalization, exactly one AKG entity has the same content-token signature; no first/last-word fallback is used.",use_mapped_AKG_entity,1,coin
fsd50k,Computer keyboard,Computer keyboard,computer keyboard,accepted,exact_normalized,Lowercase/punctuation/underscore normalization gives an exact AKG entity label; the acoustic concept is unchanged.,use_mapped_AKG_entity,0,
fsd50k,Conversation,Conversation,conversation,accepted,exact_normalized,Lowercase/punctuation/underscore normalization gives an exact AKG entity label; the acoustic concept is unchanged.,use_mapped_AKG_entity,0,
fsd50k,Cough,Cough,,unmapped,unresolved,No semantically equivalent AKG entity is established by the frozen rules; the class keeps its original CLAP score.,no_KG_expansion_keep_CLAP_score,0,
fsd50k,Cowbell,Cowbell,cowbell,accepted,exact_normalized,Lowercase/punctuation/underscore normalization gives an exact AKG entity label; the acoustic concept is unchanged.,use_mapped_AKG_entity,0,
fsd50k,Crack,Crack,crack,accepted,exact_normalized,Lowercase/punctuation/underscore normalization gives an exact AKG entity label; the acoustic concept is unchanged.,use_mapped_AKG_entity,0,
fsd50k,Crackle,Crackle,crackle,accepted,exact_normalized,Lowercase/punctuation/underscore normalization gives an exact AKG entity label; the acoustic concept is unchanged.,use_mapped_AKG_entity,0,
fsd50k,Crash cymbal,Crash cymbal,crash cymbal,accepted,exact_normalized,Lowercase/punctuation/underscore normalization gives an exact AKG entity label; the acoustic concept is unchanged.,use_mapped_AKG_entity,0,
fsd50k,Cricket,Cricket,cricket,accepted,exact_normalized,Lowercase/punctuation/underscore normalization gives an exact AKG entity label; the acoustic concept is unchanged.,use_mapped_AKG_entity,0,
fsd50k,Crow,Crow,crow,accepted,exact_normalized,Lowercase/punctuation/underscore normalization gives an exact AKG entity label; the acoustic concept is unchanged.,use_mapped_AKG_entity,0,
fsd50k,Crowd,Crowd,crowd,accepted,exact_normalized,Lowercase/punctuation/underscore normalization gives an exact AKG entity label; the acoustic concept is unchanged.,use_mapped_AKG_entity,0,
fsd50k,"Crumpling, crinkling",Crumpling and crinkling,crumpling or crinkling,accepted,unique_token_signature,"After fixed token normalization, exactly one AKG entity has the same content-token signature; no first/last-word fallback is used.",use_mapped_AKG_entity,1,crumpling or crinkling
fsd50k,Crushing,Crushing,crushing,accepted,exact_normalized,Lowercase/punctuation/underscore normalization gives an exact AKG entity label; the acoustic concept is unchanged.,use_mapped_AKG_entity,0,
fsd50k,"Crying, sobbing",Crying and sobbing,,unmapped,unresolved,No semantically equivalent AKG entity is established by the frozen rules; the class keeps its original CLAP score.,no_KG_expansion_keep_CLAP_score,0,
fsd50k,Cupboard open or close,Cupboard open or close,cupboard open or close,accepted,exact_normalized,Lowercase/punctuation/underscore normalization gives an exact AKG entity label; the acoustic concept is unchanged.,use_mapped_AKG_entity,0,
fsd50k,"Cutlery, silverware",Cutlery and silverware,cutlery or silverware,accepted,unique_token_signature,"After fixed token normalization, exactly one AKG entity has the same content-token signature; no first/last-word fallback is used.",use_mapped_AKG_entity,1,cutlery or silverware
fsd50k,Cymbal,Cymbal,cymbal,accepted,exact_normalized,Lowercase/punctuation/underscore normalization gives an exact AKG entity label; the acoustic concept is unchanged.,use_mapped_AKG_entity,0,
fsd50k,"Dishes, pots, pans",Dishes and pots and pans,dishes or pots or pans,accepted,unique_token_signature,"After fixed token normalization, exactly one AKG entity has the same content-token signature; no first/last-word fallback is used.",use_mapped_AKG_entity,1,dishes or pots or pans
fsd50k,Dog,Dog,dog,accepted,exact_normalized,Lowercase/punctuation/underscore normalization gives an exact AKG entity label; the acoustic concept is unchanged.,use_mapped_AKG_entity,0,
fsd50k,"Domestic animals, pets",Domestic animals and pets,,unmapped,unresolved,No semantically equivalent AKG entity is established by the frozen rules; the class keeps its original CLAP score.,no_KG_expansion_keep_CLAP_score,0,
fsd50k,"Domestic sounds, home sounds",Domestic sounds and home sounds,,unmapped,unresolved,No semantically equivalent AKG entity is established by the frozen rules; the class keeps its original CLAP score.,no_KG_expansion_keep_CLAP_score,0,
fsd50k,Door,Door,door,accepted,exact_normalized,Lowercase/punctuation/underscore normalization gives an exact AKG entity label; the acoustic concept is unchanged.,use_mapped_AKG_entity,0,
fsd50k,Doorbell,Doorbell,doorbell,accepted,exact_normalized,Lowercase/punctuation/underscore normalization gives an exact AKG entity label; the acoustic concept is unchanged.,use_mapped_AKG_entity,0,
fsd50k,Drawer open or close,Drawer open or close,drawer open or close,accepted,exact_normalized,Lowercase/punctuation/underscore normalization gives an exact AKG entity label; the acoustic concept is unchanged.,use_mapped_AKG_entity,0,
fsd50k,Drill,Drill,,unmapped,unresolved,No semantically equivalent AKG entity is established by the frozen rules; the class keeps its original CLAP score.,no_KG_expansion_keep_CLAP_score,0,
fsd50k,Drip,Drip,drip-drip,accepted,unique_token_signature,"After fixed token normalization, exactly one AKG entity has the same content-token signature; no first/last-word fallback is used.",use_mapped_AKG_entity,1,drip-drip
fsd50k,Drum,Drum,drum,accepted,exact_normalized,Lowercase/punctuation/underscore normalization gives an exact AKG entity label; the acoustic concept is unchanged.,use_mapped_AKG_entity,0,
fsd50k,Drum kit,Drum kit,drum kit,accepted,exact_normalized,Lowercase/punctuation/underscore normalization gives an exact AKG entity label; the acoustic concept is unchanged.,use_mapped_AKG_entity,0,
fsd50k,Electric guitar,Electric guitar,electric guitar,accepted,exact_normalized,Lowercase/punctuation/underscore normalization gives an exact AKG entity label; the acoustic concept is unchanged.,use_mapped_AKG_entity,0,
fsd50k,Engine,Engine,engine,accepted,exact_normalized,Lowercase/punctuation/underscore normalization gives an exact AKG entity label; the acoustic concept is unchanged.,use_mapped_AKG_entity,0,
fsd50k,Engine starting,Engine starting,engine starting,accepted,exact_normalized,Lowercase/punctuation/underscore normalization gives an exact AKG entity label; the acoustic concept is unchanged.,use_mapped_AKG_entity,0,
fsd50k,Explosion,Explosion,explosion,accepted,exact_normalized,Lowercase/punctuation/underscore normalization gives an exact AKG entity label; the acoustic concept is unchanged.,use_mapped_AKG_entity,0,
fsd50k,Fart,Fart,fart,accepted,exact_normalized,Lowercase/punctuation/underscore normalization gives an exact AKG entity label; the acoustic concept is unchanged.,use_mapped_AKG_entity,0,
fsd50k,Female singing,Female singing,female singing,accepted,exact_normalized,Lowercase/punctuation/underscore normalization gives an exact AKG entity label; the acoustic concept is unchanged.,use_mapped_AKG_entity,0,
fsd50k,"Female speech, woman speaking",Female speech and woman speaking,,unmapped,unresolved,No semantically equivalent AKG entity is established by the frozen rules; the class keeps its original CLAP score.,no_KG_expansion_keep_CLAP_score,0,
fsd50k,Fill (with liquid),Fill (with liquid),fill (with liquid),accepted,exact_normalized,Lowercase/punctuation/underscore normalization gives an exact AKG entity label; the acoustic concept is unchanged.,use_mapped_AKG_entity,0,
fsd50k,Finger snapping,Finger snapping,finger snapping,accepted,exact_normalized,Lowercase/punctuation/underscore normalization gives an exact AKG entity label; the acoustic concept is unchanged.,use_mapped_AKG_entity,0,
fsd50k,Fire,Fire,fire,accepted,exact_normalized,Lowercase/punctuation/underscore normalization gives an exact AKG entity label; the acoustic concept is unchanged.,use_mapped_AKG_entity,0,
fsd50k,Fireworks,Fireworks,fireworks,accepted,exact_normalized,Lowercase/punctuation/underscore normalization gives an exact AKG entity label; the acoustic concept is unchanged.,use_mapped_AKG_entity,0,
fsd50k,"Fixed-wing aircraft, airplane",Fixed-wing aircraft and airplane,,unmapped,unresolved,No semantically equivalent AKG entity is established by the frozen rules; the class keeps its original CLAP score.,no_KG_expansion_keep_CLAP_score,0,
fsd50k,Fowl,Fowl,,unmapped,unresolved,No semantically equivalent AKG entity is established by the frozen rules; the class keeps its original CLAP score.,no_KG_expansion_keep_CLAP_score,0,
fsd50k,Frog,Frog,frog,accepted,exact_normalized,Lowercase/punctuation/underscore normalization gives an exact AKG entity label; the acoustic concept is unchanged.,use_mapped_AKG_entity,0,
fsd50k,Frying (food),Frying (food),frying,accepted,unique_token_signature,"After fixed token normalization, exactly one AKG entity has the same content-token signature; no first/last-word fallback is used.",use_mapped_AKG_entity,1,frying
fsd50k,Gasp,Gasp,gasp,accepted,exact_normalized,Lowercase/punctuation/underscore normalization gives an exact AKG entity label; the acoustic concept is unchanged.,use_mapped_AKG_entity,0,
fsd50k,Giggle,Giggle,,unmapped,unresolved,No semantically equivalent AKG entity is established by the frozen rules; the class keeps its original CLAP score.,no_KG_expansion_keep_CLAP_score,0,
fsd50k,Glass,Glass,glass,accepted,exact_normalized,Lowercase/punctuation/underscore normalization gives an exact AKG entity label; the acoustic concept is unchanged.,use_mapped_AKG_entity,0,
fsd50k,Glockenspiel,Glockenspiel,glockenspiel,accepted,exact_normalized,Lowercase/punctuation/underscore normalization gives an exact AKG entity label; the acoustic concept is unchanged.,use_mapped_AKG_entity,0,
fsd50k,Gong,Gong,gong,accepted,exact_normalized,Lowercase/punctuation/underscore normalization gives an exact AKG entity label; the acoustic concept is unchanged.,use_mapped_AKG_entity,0,
fsd50k,Growling,Growling,growling,accepted,exact_normalized,Lowercase/punctuation/underscore normalization gives an exact AKG entity label; the acoustic concept is unchanged.,use_mapped_AKG_entity,0,
fsd50k,Guitar,Guitar,guitar,accepted,exact_normalized,Lowercase/punctuation/underscore normalization gives an exact AKG entity label; the acoustic concept is unchanged.,use_mapped_AKG_entity,0,
fsd50k,"Gull, seagull",Gull and seagull,gull seagull,accepted,unique_token_signature,"After fixed token normalization, exactly one AKG entity has the same content-token signature; no first/last-word fallback is used.",use_mapped_AKG_entity,1,gull seagull
fsd50k,"Gunshot, gunfire",Gunshot and gunfire,,unmapped,unresolved,No semantically equivalent AKG entity is established by the frozen rules; the class keeps its original CLAP score.,no_KG_expansion_keep_CLAP_score,0,
fsd50k,Gurgling,Gurgling,,unmapped,unresolved,No semantically equivalent AKG entity is established by the frozen rules; the class keeps its original CLAP score.,no_KG_expansion_keep_CLAP_score,0,
fsd50k,Hammer,Hammer,hammer,accepted,exact_normalized,Lowercase/punctuation/underscore normalization gives an exact AKG entity label; the acoustic concept is unchanged.,use_mapped_AKG_entity,0,
fsd50k,Hands,Hands,hands,accepted,exact_normalized,Lowercase/punctuation/underscore normalization gives an exact AKG entity label; the acoustic concept is unchanged.,use_mapped_AKG_entity,0,
fsd50k,Harmonica,Harmonica,harmonica,accepted,exact_normalized,Lowercase/punctuation/underscore normalization gives an exact AKG entity label; the acoustic concept is unchanged.,use_mapped_AKG_entity,0,
fsd50k,Harp,Harp,harp,accepted,exact_normalized,Lowercase/punctuation/underscore normalization gives an exact AKG entity label; the acoustic concept is unchanged.,use_mapped_AKG_entity,0,
fsd50k,Hi-hat,Hi-hat,hi-hat,accepted,exact_normalized,Lowercase/punctuation/underscore normalization gives an exact AKG entity label; the acoustic concept is unchanged.,use_mapped_AKG_entity,0,
fsd50k,Hiss,Hiss,hiss,accepted,exact_normalized,Lowercase/punctuation/underscore normalization gives an exact AKG entity label; the acoustic concept is unchanged.,use_mapped_AKG_entity,0,
fsd50k,Human group actions,Human group actions,human group actions,accepted,exact_normalized,Lowercase/punctuation/underscore normalization gives an exact AKG entity label; the acoustic concept is unchanged.,use_mapped_AKG_entity,0,
fsd50k,Human voice,Human voice,human voice,accepted,exact_normalized,Lowercase/punctuation/underscore normalization gives an exact AKG entity label; the acoustic concept is unchanged.,use_mapped_AKG_entity,0,
fsd50k,Idling,Idling,,unmapped,unresolved,No semantically equivalent AKG entity is established by the frozen rules; the class keeps its original CLAP score.,no_KG_expansion_keep_CLAP_score,0,
fsd50k,Insect,Insect,insect,accepted,exact_normalized,Lowercase/punctuation/underscore normalization gives an exact AKG entity label; the acoustic concept is unchanged.,use_mapped_AKG_entity,0,
fsd50k,Keyboard (musical),Keyboard (musical),keyboard (musical),accepted,exact_normalized,Lowercase/punctuation/underscore normalization gives an exact AKG entity label; the acoustic concept is unchanged.,use_mapped_AKG_entity,0,
fsd50k,Keys jangling,Keys jangling,keys jangling,accepted,exact_normalized,Lowercase/punctuation/underscore normalization gives an exact AKG entity label; the acoustic concept is unchanged.,use_mapped_AKG_entity,0,
fsd50k,Knock,Knock,knock,accepted,exact_normalized,Lowercase/punctuation/underscore normalization gives an exact AKG entity label; the acoustic concept is unchanged.,use_mapped_AKG_entity,0,
fsd50k,Laughter,Laughter,laughter,accepted,exact_normalized,Lowercase/punctuation/underscore normalization gives an exact AKG entity label; the acoustic concept is unchanged.,use_mapped_AKG_entity,0,
fsd50k,Liquid,Liquid,liquid,accepted,exact_normalized,Lowercase/punctuation/underscore normalization gives an exact AKG entity label; the acoustic concept is unchanged.,use_mapped_AKG_entity,0,
fsd50k,"Livestock, farm animals, working animals",Livestock and farm animals and working animals,,unmapped,unresolved,No semantically equivalent AKG entity is established by the frozen rules; the class keeps its original CLAP score.,no_KG_expansion_keep_CLAP_score,0,
fsd50k,Male singing,Male singing,male singing,accepted,exact_normalized,Lowercase/punctuation/underscore normalization gives an exact AKG entity label; the acoustic concept is unchanged.,use_mapped_AKG_entity,0,
fsd50k,"Male speech, man speaking",Male speech and man speaking,,unmapped,unresolved,No semantically equivalent AKG entity is established by the frozen rules; the class keeps its original CLAP score.,no_KG_expansion_keep_CLAP_score,0,
fsd50k,Mallet percussion,Mallet percussion,mallet percussion,accepted,exact_normalized,Lowercase/punctuation/underscore normalization gives an exact AKG entity label; the acoustic concept is unchanged.,use_mapped_AKG_entity,0,
fsd50k,"Marimba, xylophone",Marimba and xylophone,marimba and xylophone,accepted,exact_normalized,Lowercase/punctuation/underscore normalization gives an exact AKG entity label; the acoustic concept is unchanged.,use_mapped_AKG_entity,0,
fsd50k,Mechanical fan,Mechanical fan,mechanical fan,accepted,exact_normalized,Lowercase/punctuation/underscore normalization gives an exact AKG entity label; the acoustic concept is unchanged.,use_mapped_AKG_entity,0,
fsd50k,Mechanisms,Mechanisms,mechanisms,accepted,exact_normalized,Lowercase/punctuation/underscore normalization gives an exact AKG entity label; the acoustic concept is unchanged.,use_mapped_AKG_entity,0,
fsd50k,Meow,Meow,,unmapped,unresolved,No semantically equivalent AKG entity is established by the frozen rules; the class keeps its original CLAP score.,no_KG_expansion_keep_CLAP_score,0,
fsd50k,Microwave oven,Microwave oven,microwave oven,accepted,exact_normalized,Lowercase/punctuation/underscore normalization gives an exact AKG entity label; the acoustic concept is unchanged.,use_mapped_AKG_entity,0,
fsd50k,Motor vehicle (road),Motor vehicle (road),motor vehicle,accepted,unique_token_signature,"After fixed token normalization, exactly one AKG entity has the same content-token signature; no first/last-word fallback is used.",use_mapped_AKG_entity,1,motor vehicle
fsd50k,Motorcycle,Motorcycle,motorcycle,accepted,exact_normalized,Lowercase/punctuation/underscore normalization gives an exact AKG entity label; the acoustic concept is unchanged.,use_mapped_AKG_entity,0,
fsd50k,Music,Music,music,accepted,exact_normalized,Lowercase/punctuation/underscore normalization gives an exact AKG entity label; the acoustic concept is unchanged.,use_mapped_AKG_entity,0,
fsd50k,Musical instrument,Musical instrument,musical instrument,accepted,exact_normalized,Lowercase/punctuation/underscore normalization gives an exact AKG entity label; the acoustic concept is unchanged.,use_mapped_AKG_entity,0,
fsd50k,Ocean,Ocean,ocean,accepted,exact_normalized,Lowercase/punctuation/underscore normalization gives an exact AKG entity label; the acoustic concept is unchanged.,use_mapped_AKG_entity,0,
fsd50k,Organ,Organ,organ,accepted,exact_normalized,Lowercase/punctuation/underscore normalization gives an exact AKG entity label; the acoustic concept is unchanged.,use_mapped_AKG_entity,0,
fsd50k,"Packing tape, duct tape",Packing tape and duct tape,,unmapped,unresolved,No semantically equivalent AKG entity is established by the frozen rules; the class keeps its original CLAP score.,no_KG_expansion_keep_CLAP_score,0,
fsd50k,Percussion,Percussion,percussion,accepted,exact_normalized,Lowercase/punctuation/underscore normalization gives an exact AKG entity label; the acoustic concept is unchanged.,use_mapped_AKG_entity,0,
fsd50k,Piano,Piano,piano,accepted,exact_normalized,Lowercase/punctuation/underscore normalization gives an exact AKG entity label; the acoustic concept is unchanged.,use_mapped_AKG_entity,0,
fsd50k,Plucked string instrument,Plucked string instrument,plucked string instrument,accepted,exact_normalized,Lowercase/punctuation/underscore normalization gives an exact AKG entity label; the acoustic concept is unchanged.,use_mapped_AKG_entity,0,
fsd50k,Pour,Pour,,unmapped,unresolved,No semantically equivalent AKG entity is established by the frozen rules; the class keeps its original CLAP score.,no_KG_expansion_keep_CLAP_score,0,
fsd50k,Power tool,Power tool,power tool,accepted,exact_normalized,Lowercase/punctuation/underscore normalization gives an exact AKG entity label; the acoustic concept is unchanged.,use_mapped_AKG_entity,0,
fsd50k,Printer,Printer,printer,accepted,exact_normalized,Lowercase/punctuation/underscore normalization gives an exact AKG entity label; the acoustic concept is unchanged.,use_mapped_AKG_entity,0,
fsd50k,Purr,Purr,,unmapped,unresolved,No semantically equivalent AKG entity is established by the frozen rules; the class keeps its original CLAP score.,no_KG_expansion_keep_CLAP_score,0,
fsd50k,"Race car, auto racing",Race car and auto racing,,unmapped,unresolved,No semantically equivalent AKG entity is established by the frozen rules; the class keeps its original CLAP score.,no_KG_expansion_keep_CLAP_score,0,
fsd50k,Rail transport,Rail transport,rail transport,accepted,exact_normalized,Lowercase/punctuation/underscore normalization gives an exact AKG entity label; the acoustic concept is unchanged.,use_mapped_AKG_entity,0,
fsd50k,Rain,Rain,rain,accepted,exact_normalized,Lowercase/punctuation/underscore normalization gives an exact AKG entity label; the acoustic concept is unchanged.,use_mapped_AKG_entity,0,
fsd50k,Raindrop,Raindrop,raindrop,accepted,exact_normalized,Lowercase/punctuation/underscore normalization gives an exact AKG entity label; the acoustic concept is unchanged.,use_mapped_AKG_entity,0,
fsd50k,"Ratchet, pawl",Ratchet and pawl,ratchet or pawl,accepted,unique_token_signature,"After fixed token normalization, exactly one AKG entity has the same content-token signature; no first/last-word fallback is used.",use_mapped_AKG_entity,1,ratchet or pawl
fsd50k,Rattle,Rattle,rattle,accepted,exact_normalized,Lowercase/punctuation/underscore normalization gives an exact AKG entity label; the acoustic concept is unchanged.,use_mapped_AKG_entity,0,
fsd50k,Rattle (instrument),Rattle (instrument),rattle (instrument),accepted,exact_normalized,Lowercase/punctuation/underscore normalization gives an exact AKG entity label; the acoustic concept is unchanged.,use_mapped_AKG_entity,0,
fsd50k,Respiratory sounds,Respiratory sounds,,unmapped,unresolved,No semantically equivalent AKG entity is established by the frozen rules; the class keeps its original CLAP score.,no_KG_expansion_keep_CLAP_score,0,
fsd50k,Ringtone,Ringtone,ringtone,accepted,exact_normalized,Lowercase/punctuation/underscore normalization gives an exact AKG entity label; the acoustic concept is unchanged.,use_mapped_AKG_entity,0,
fsd50k,Run,Run,,unmapped,unresolved,No semantically equivalent AKG entity is established by the frozen rules; the class keeps its original CLAP score.,no_KG_expansion_keep_CLAP_score,0,
fsd50k,Sawing,Sawing,sawing,accepted,exact_normalized,Lowercase/punctuation/underscore normalization gives an exact AKG entity label; the acoustic concept is unchanged.,use_mapped_AKG_entity,0,
fsd50k,Scissors,Scissors,scissors,accepted,exact_normalized,Lowercase/punctuation/underscore normalization gives an exact AKG entity label; the acoustic concept is unchanged.,use_mapped_AKG_entity,0,
fsd50k,Scratching (performance technique),Scratching (performance technique),scratching,accepted,unique_token_signature,"After fixed token normalization, exactly one AKG entity has the same content-token signature; no first/last-word fallback is used.",use_mapped_AKG_entity,1,scratching
fsd50k,Screaming,Screaming,screaming,accepted,exact_normalized,Lowercase/punctuation/underscore normalization gives an exact AKG entity label; the acoustic concept is unchanged.,use_mapped_AKG_entity,0,
fsd50k,Screech,Screech,screech,accepted,exact_normalized,Lowercase/punctuation/underscore normalization gives an exact AKG entity label; the acoustic concept is unchanged.,use_mapped_AKG_entity,0,
fsd50k,Shatter,Shatter,,unmapped,unresolved,No semantically equivalent AKG entity is established by the frozen rules; the class keeps its original CLAP score.,no_KG_expansion_keep_CLAP_score,0,
fsd50k,Shout,Shout,,unmapped,unresolved,No semantically equivalent AKG entity is established by the frozen rules; the class keeps its original CLAP score.,no_KG_expansion_keep_CLAP_score,0,
fsd50k,Sigh,Sigh,,unmapped,unresolved,No semantically equivalent AKG entity is established by the frozen rules; the class keeps its original CLAP score.,no_KG_expansion_keep_CLAP_score,0,
fsd50k,Singing,Singing,singing,accepted,exact_normalized,Lowercase/punctuation/underscore normalization gives an exact AKG entity label; the acoustic concept is unchanged.,use_mapped_AKG_entity,0,
fsd50k,Sink (filling or washing),Sink (filling or washing),sink (filling or washing),accepted,exact_normalized,Lowercase/punctuation/underscore normalization gives an exact AKG entity label; the acoustic concept is unchanged.,use_mapped_AKG_entity,0,
fsd50k,Siren,Siren,siren,accepted,exact_normalized,Lowercase/punctuation/underscore normalization gives an exact AKG entity label; the acoustic concept is unchanged.,use_mapped_AKG_entity,0,
fsd50k,Skateboard,Skateboard,skateboard,accepted,exact_normalized,Lowercase/punctuation/underscore normalization gives an exact AKG entity label; the acoustic concept is unchanged.,use_mapped_AKG_entity,0,
fsd50k,Slam,Slam,slam,accepted,exact_normalized,Lowercase/punctuation/underscore normalization gives an exact AKG entity label; the acoustic concept is unchanged.,use_mapped_AKG_entity,0,
fsd50k,Sliding door,Sliding door,sliding door,accepted,exact_normalized,Lowercase/punctuation/underscore normalization gives an exact AKG entity label; the acoustic concept is unchanged.,use_mapped_AKG_entity,0,
fsd50k,Snare drum,Snare drum,snare drum,accepted,exact_normalized,Lowercase/punctuation/underscore normalization gives an exact AKG entity label; the acoustic concept is unchanged.,use_mapped_AKG_entity,0,
fsd50k,Sneeze,Sneeze,,unmapped,unresolved,No semantically equivalent AKG entity is established by the frozen rules; the class keeps its original CLAP score.,no_KG_expansion_keep_CLAP_score,0,
fsd50k,Speech,Speech,speech,accepted,exact_normalized,Lowercase/punctuation/underscore normalization gives an exact AKG entity label; the acoustic concept is unchanged.,use_mapped_AKG_entity,0,
fsd50k,Speech synthesizer,Speech synthesizer,speech synthesizer,accepted,exact_normalized,Lowercase/punctuation/underscore normalization gives an exact AKG entity label; the acoustic concept is unchanged.,use_mapped_AKG_entity,0,
fsd50k,"Splash, splatter",Splash and splatter,,unmapped,unresolved,No semantically equivalent AKG entity is established by the frozen rules; the class keeps its original CLAP score.,no_KG_expansion_keep_CLAP_score,0,
fsd50k,Squeak,Squeak,squeak,accepted,exact_normalized,Lowercase/punctuation/underscore normalization gives an exact AKG entity label; the acoustic concept is unchanged.,use_mapped_AKG_entity,0,
fsd50k,Stream,Stream,stream,accepted,exact_normalized,Lowercase/punctuation/underscore normalization gives an exact AKG entity label; the acoustic concept is unchanged.,use_mapped_AKG_entity,0,
fsd50k,Strum,Strum,,unmapped,unresolved,No semantically equivalent AKG entity is established by the frozen rules; the class keeps its original CLAP score.,no_KG_expansion_keep_CLAP_score,0,
fsd50k,"Subway, metro, underground",Subway and metro and underground,,unmapped,unresolved,No semantically equivalent AKG entity is established by the frozen rules; the class keeps its original CLAP score.,no_KG_expansion_keep_CLAP_score,0,
fsd50k,Tabla,Tabla,tabla,accepted,exact_normalized,Lowercase/punctuation/underscore normalization gives an exact AKG entity label; the acoustic concept is unchanged.,use_mapped_AKG_entity,0,
fsd50k,Tambourine,Tambourine,tambourine,accepted,exact_normalized,Lowercase/punctuation/underscore normalization gives an exact AKG entity label; the acoustic concept is unchanged.,use_mapped_AKG_entity,0,
fsd50k,Tap,Tap,tap,accepted,exact_normalized,Lowercase/punctuation/underscore normalization gives an exact AKG entity label; the acoustic concept is unchanged.,use_mapped_AKG_entity,0,
fsd50k,Tearing,Tearing,tearing,accepted,exact_normalized,Lowercase/punctuation/underscore normalization gives an exact AKG entity label; the acoustic concept is unchanged.,use_mapped_AKG_entity,0,
fsd50k,Telephone,Telephone,telephone,accepted,exact_normalized,Lowercase/punctuation/underscore normalization gives an exact AKG entity label; the acoustic concept is unchanged.,use_mapped_AKG_entity,0,
fsd50k,"Thump, thud",Thump and thud,thump or thud,accepted,unique_token_signature,"After fixed token normalization, exactly one AKG entity has the same content-token signature; no first/last-word fallback is used.",use_mapped_AKG_entity,1,thump or thud
fsd50k,Thunder,Thunder,thunder,accepted,exact_normalized,Lowercase/punctuation/underscore normalization gives an exact AKG entity label; the acoustic concept is unchanged.,use_mapped_AKG_entity,0,
fsd50k,Thunderstorm,Thunderstorm,thunderstorm,accepted,exact_normalized,Lowercase/punctuation/underscore normalization gives an exact AKG entity label; the acoustic concept is unchanged.,use_mapped_AKG_entity,0,
fsd50k,Tick,Tick,,unmapped,unresolved,No semantically equivalent AKG entity is established by the frozen rules; the class keeps its original CLAP score.,no_KG_expansion_keep_CLAP_score,0,
fsd50k,Tick-tock,Tick-tock,tick-tock,accepted,exact_normalized,Lowercase/punctuation/underscore normalization gives an exact AKG entity label; the acoustic concept is unchanged.,use_mapped_AKG_entity,0,
fsd50k,Toilet flush,Toilet flush,toilet flush,accepted,exact_normalized,Lowercase/punctuation/underscore normalization gives an exact AKG entity label; the acoustic concept is unchanged.,use_mapped_AKG_entity,0,
fsd50k,Tools,Tools,tools,accepted,exact_normalized,Lowercase/punctuation/underscore normalization gives an exact AKG entity label; the acoustic concept is unchanged.,use_mapped_AKG_entity,0,
fsd50k,"Traffic noise, roadway noise",Traffic noise and roadway noise,,unmapped,unresolved,No semantically equivalent AKG entity is established by the frozen rules; the class keeps its original CLAP score.,no_KG_expansion_keep_CLAP_score,0,
fsd50k,Train,Train,train,accepted,exact_normalized,Lowercase/punctuation/underscore normalization gives an exact AKG entity label; the acoustic concept is unchanged.,use_mapped_AKG_entity,0,
fsd50k,"Trickle, dribble",Trickle and dribble,trickle dribble,accepted,unique_token_signature,"After fixed token normalization, exactly one AKG entity has the same content-token signature; no first/last-word fallback is used.",use_mapped_AKG_entity,1,trickle dribble
fsd50k,Truck,Truck,truck,accepted,exact_normalized,Lowercase/punctuation/underscore normalization gives an exact AKG entity label; the acoustic concept is unchanged.,use_mapped_AKG_entity,0,
fsd50k,Trumpet,Trumpet,trumpet,accepted,exact_normalized,Lowercase/punctuation/underscore normalization gives an exact AKG entity label; the acoustic concept is unchanged.,use_mapped_AKG_entity,0,
fsd50k,Typewriter,Typewriter,typewriter,accepted,exact_normalized,Lowercase/punctuation/underscore normalization gives an exact AKG entity label; the acoustic concept is unchanged.,use_mapped_AKG_entity,0,
fsd50k,Typing,Typing,typing,accepted,exact_normalized,Lowercase/punctuation/underscore normalization gives an exact AKG entity label; the acoustic concept is unchanged.,use_mapped_AKG_entity,0,
fsd50k,Vehicle,Vehicle,vehicle,accepted,exact_normalized,Lowercase/punctuation/underscore normalization gives an exact AKG entity label; the acoustic concept is unchanged.,use_mapped_AKG_entity,0,
fsd50k,"Vehicle horn, car horn, honking",Vehicle horn and car horn and honking,,unmapped,unresolved,No semantically equivalent AKG entity is established by the frozen rules; the class keeps its original CLAP score.,no_KG_expansion_keep_CLAP_score,0,
fsd50k,"Walk, footsteps",Walk and footsteps,,unmapped,unresolved,No semantically equivalent AKG entity is established by the frozen rules; the class keeps its original CLAP score.,no_KG_expansion_keep_CLAP_score,0,
fsd50k,Water,Water,water,accepted,exact_normalized,Lowercase/punctuation/underscore normalization gives an exact AKG entity label; the acoustic concept is unchanged.,use_mapped_AKG_entity,0,
fsd50k,"Water tap, faucet",Water tap and faucet,water tap or faucet,accepted,unique_token_signature,"After fixed token normalization, exactly one AKG entity has the same content-token signature; no first/last-word fallback is used.",use_mapped_AKG_entity,1,water tap or faucet
fsd50k,"Waves, surf",Waves and surf,,unmapped,unresolved,No semantically equivalent AKG entity is established by the frozen rules; the class keeps its original CLAP score.,no_KG_expansion_keep_CLAP_score,0,
fsd50k,Whispering,Whispering,whispering,accepted,exact_normalized,Lowercase/punctuation/underscore normalization gives an exact AKG entity label; the acoustic concept is unchanged.,use_mapped_AKG_entity,0,
fsd50k,"Whoosh, swoosh, swish",Whoosh and swoosh and swish,whoosh swoosh swish,accepted,unique_token_signature,"After fixed token normalization, exactly one AKG entity has the same content-token signature; no first/last-word fallback is used.",use_mapped_AKG_entity,1,whoosh swoosh swish
fsd50k,Wild animals,Wild animals,wild animal,accepted,unique_token_signature,"After fixed token normalization, exactly one AKG entity has the same content-token signature; no first/last-word fallback is used.",use_mapped_AKG_entity,1,wild animal
fsd50k,Wind,Wind,wind,accepted,exact_normalized,Lowercase/punctuation/underscore normalization gives an exact AKG entity label; the acoustic concept is unchanged.,use_mapped_AKG_entity,0,
fsd50k,Wind chime,Wind chime,wind chime,accepted,exact_normalized,Lowercase/punctuation/underscore normalization gives an exact AKG entity label; the acoustic concept is unchanged.,use_mapped_AKG_entity,0,
fsd50k,"Wind instrument, woodwind instrument",Wind instrument and woodwind instrument,wind or woodwind instrument,accepted,unique_token_signature,"After fixed token normalization, exactly one AKG entity has the same content-token signature; no first/last-word fallback is used.",use_mapped_AKG_entity,1,wind or woodwind instrument
fsd50k,Wood,Wood,wood,accepted,exact_normalized,Lowercase/punctuation/underscore normalization gives an exact AKG entity label; the acoustic concept is unchanged.,use_mapped_AKG_entity,0,
fsd50k,Writing,Writing,writing,accepted,exact_normalized,Lowercase/punctuation/underscore normalization gives an exact AKG entity label; the acoustic concept is unchanged.,use_mapped_AKG_entity,0,
fsd50k,Yell,Yell,,unmapped,unresolved,No semantically equivalent AKG entity is established by the frozen rules; the class keeps its original CLAP score.,no_KG_expansion_keep_CLAP_score,0,
fsd50k,Zipper (clothing),Zipper (clothing),zipper (clothing),accepted,exact_normalized,Lowercase/punctuation/underscore normalization gives an exact AKG entity label; the acoustic concept is unchanged.,use_mapped_AKG_entity,0,
tut2017,beach,beach,beach,accepted,exact_normalized,Lowercase/punctuation/underscore normalization gives an exact AKG entity label; the acoustic concept is unchanged.,use_mapped_AKG_entity,0,
tut2017,bus,bus,bus,accepted,exact_normalized,Lowercase/punctuation/underscore normalization gives an exact AKG entity label; the acoustic concept is unchanged.,use_mapped_AKG_entity,0,
tut2017,cafe or restaurant,cafe or restaurant,cafe or restaurant,accepted,exact_normalized,Lowercase/punctuation/underscore normalization gives an exact AKG entity label; the acoustic concept is unchanged.,use_mapped_AKG_entity,0,
tut2017,car,car,car,accepted,exact_normalized,Lowercase/punctuation/underscore normalization gives an exact AKG entity label; the acoustic concept is unchanged.,use_mapped_AKG_entity,0,
tut2017,city center,city center,city center,accepted,exact_normalized,Lowercase/punctuation/underscore normalization gives an exact AKG entity label; the acoustic concept is unchanged.,use_mapped_AKG_entity,0,
tut2017,forest path,forest path,,unmapped,unresolved,No semantically equivalent AKG entity is established by the frozen rules; the class keeps its original CLAP score.,no_KG_expansion_keep_CLAP_score,0,
tut2017,grocery store,grocery store,grocery store,accepted,exact_normalized,Lowercase/punctuation/underscore normalization gives an exact AKG entity label; the acoustic concept is unchanged.,use_mapped_AKG_entity,0,
tut2017,home,home,home,accepted,exact_normalized,Lowercase/punctuation/underscore normalization gives an exact AKG entity label; the acoustic concept is unchanged.,use_mapped_AKG_entity,0,
tut2017,library,library,library,accepted,exact_normalized,Lowercase/punctuation/underscore normalization gives an exact AKG entity label; the acoustic concept is unchanged.,use_mapped_AKG_entity,0,
tut2017,metro station,metro station,metro station,accepted,exact_normalized,Lowercase/punctuation/underscore normalization gives an exact AKG entity label; the acoustic concept is unchanged.,use_mapped_AKG_entity,0,
tut2017,office,office,office,accepted,exact_normalized,Lowercase/punctuation/underscore normalization gives an exact AKG entity label; the acoustic concept is unchanged.,use_mapped_AKG_entity,0,
tut2017,park,park,park,accepted,exact_normalized,Lowercase/punctuation/underscore normalization gives an exact AKG entity label; the acoustic concept is unchanged.,use_mapped_AKG_entity,0,
tut2017,residential area,residential area,residential area,accepted,exact_normalized,Lowercase/punctuation/underscore normalization gives an exact AKG entity label; the acoustic concept is unchanged.,use_mapped_AKG_entity,0,
tut2017,train,train,train,accepted,exact_normalized,Lowercase/punctuation/underscore normalization gives an exact AKG entity label; the acoustic concept is unchanged.,use_mapped_AKG_entity,0,
tut2017,tram,tram,,unmapped,unresolved,No semantically equivalent AKG entity is established by the frozen rules; the class keeps its original CLAP score.,no_KG_expansion_keep_CLAP_score,0,
urbansound8k,air conditioner,air conditioner,air conditioner,accepted,exact_normalized,Lowercase/punctuation/underscore normalization gives an exact AKG entity label; the acoustic concept is unchanged.,use_mapped_AKG_entity,0,
urbansound8k,car horn,car horn,car horn,accepted,exact_normalized,Lowercase/punctuation/underscore normalization gives an exact AKG entity label; the acoustic concept is unchanged.,use_mapped_AKG_entity,0,
urbansound8k,children playing,children playing,children playing,accepted,exact_normalized,Lowercase/punctuation/underscore normalization gives an exact AKG entity label; the acoustic concept is unchanged.,use_mapped_AKG_entity,0,
urbansound8k,dog bark,dog bark,dog barking,accepted_legacy_alias,historical_reproduction_map,A fixed alias already present in the historical reproduction and verified to denote the same sound concept; retained for reproducibility.,use_mapped_AKG_entity,0,
urbansound8k,drilling,drilling,drilling,accepted,exact_normalized,Lowercase/punctuation/underscore normalization gives an exact AKG entity label; the acoustic concept is unchanged.,use_mapped_AKG_entity,0,
urbansound8k,engine idling,engine idling,engine idling,accepted,exact_normalized,Lowercase/punctuation/underscore normalization gives an exact AKG entity label; the acoustic concept is unchanged.,use_mapped_AKG_entity,0,
urbansound8k,gun shot,gun shot,gun shot,accepted,exact_normalized,Lowercase/punctuation/underscore normalization gives an exact AKG entity label; the acoustic concept is unchanged.,use_mapped_AKG_entity,0,
urbansound8k,jackhammer,jackhammer,jackhammer,accepted,exact_normalized,Lowercase/punctuation/underscore normalization gives an exact AKG entity label; the acoustic concept is unchanged.,use_mapped_AKG_entity,0,
urbansound8k,siren,siren,siren,accepted,exact_normalized,Lowercase/punctuation/underscore normalization gives an exact AKG entity label; the acoustic concept is unchanged.,use_mapped_AKG_entity,0,
urbansound8k,street music,street music,street music,accepted,exact_normalized,Lowercase/punctuation/underscore normalization gives an exact AKG entity label; the acoustic concept is unchanged.,use_mapped_AKG_entity,0,
